"Generate Nama Depan";"Generate Nama Belakang";"Jenis Kelamin";"Gabung";"Occurrence"
"Rasti";"Pekerti";"W";"Pekerti, Rasti";-100
"Budi";"Ramah";"P";"Ramah, Budi";-100
"Lastri";"Margo";"W";"Margo, Lastri";-100
"Intan";"Dominik";"W";"Dominik, Intan";-100
"Darman";"Dewangga";"P";"Dewangga, Darman";-100
"Harum";"Santana";"W";"Santana, Harum";-100
"Agung";"Alexander";"P";"Alexander, Agung";-100
"Erna";"Rukun";"W";"Rukun, Erna";-100
"Erni";"Jagat";"W";"Jagat, Erni";-100
"Erman";"Dewangga";"P";"Dewangga, Erman";-100
"Cahyo";"Alexander";"P";"Alexander, Cahyo";-100
"Ayu";"Indrawan";"W";"Indrawan, Ayu";-100
"Ardhi";"Rukun";"P";"Rukun, Ardhi";-100
"Ardhi";"Ramah";"P";"Ramah, Ardhi";-100
"Ardhi";"Widya";"P";"Widya, Ardhi";-100
"Mega";"Jagat";"W";"Jagat, Mega";-100
"Ika";"Mardi";"W";"Mardi, Ika";-100
"Sentosa";"Widya";"P";"Widya, Sentosa";-100
"Cahya";"Margo";"W";"Margo, Cahya";-100
"Kairo";"Rukun";"P";"Rukun, Kairo";-100
"Desita";"Angkasa";"W";"Angkasa, Desita";-100
"Lestari";"Sejahtera";"W";"Sejahtera, Lestari";-100
"Bintang";"Jagat";"W";"Jagat, Bintang";-100
"Darman";"Ramah";"P";"Ramah, Darman";-100
"Agus";"Ramah";"P";"Ramah, Agus";-100
"Ferdy";"Maven";"P";"Maven, Ferdy";-100
"Erman";"Margo";"P";"Margo, Erman";-100
"Gunawan";"Pekerti";"P";"Pekerti, Gunawan";-100
"Darman";"Dewangga";"P";"Dewangga, Darman";"Dewangga, Darman"
"Mulyo";"Dewangga";"P";"Dewangga, Mulyo";-100
"Ferry";"Terang";"P";"Terang, Ferry";-100
"Desita";"Juang";"W";"Juang, Desita";-100
"Darman";"Damai";"P";"Damai, Darman";-100
"Agustina";"Mardi";"W";"Mardi, Agustina";-100
"Mulia";"Setiawan";"P";"Setiawan, Mulia";-100
"Galang";"Alexander";"P";"Alexander, Galang";-100
"Kristina";"Selangit";"W";"Selangit, Kristina";-100
"Budiwati";"Margo";"W";"Margo, Budiwati";-100
"Ihsan";"Angkasa";"P";"Angkasa, Ihsan";-100
"Ferry";"Damai";"P";"Damai, Ferry";-100
"Indah";"Damai";"W";"Damai, Indah";-100
"Budiwati";"Jagat";"W";"Jagat, Budiwati";-100
"Mariani";"Menawan";"W";"Menawan, Mariani";-100
"Agus";"Tenteram";"P";"Tenteram, Agus";-100
"Mariani";"Margo";"W";"Margo, Mariani";-100
"Gunawan";"Terang";"P";"Terang, Gunawan";-100
"Ardhi";"Pekerti";"P";"Pekerti, Ardhi";-100
"Mulia";"Indrawan";"P";"Indrawan, Mulia";-100
"Intan";"Indrawan";"W";"Indrawan, Intan";-100
"Ihsan";"Mada";"P";"Mada, Ihsan";-100
"Eriq";"Siberut";"P";"Siberut, Eriq";-100
"Agus";"Ramah";"P";"Ramah, Agus";"Ramah, Agus"
"Agung";"Sejahtera";"P";"Sejahtera, Agung";-100
"Bulan";"Mada";"W";"Mada, Bulan";-100
"Budiwati";"Juang";"W";"Juang, Budiwati";-100
"Eriq";"Juang";"P";"Juang, Eriq";-100
"Cahyo";"Rukun";"P";"Rukun, Cahyo";-100
"Irwandi";"Margo";"P";"Margo, Irwandi";-100
"Fanny";"Santana";"W";"Santana, Fanny";-100
"Intan";"Mardi";"W";"Mardi, Intan";-100
"Bulan";"Mada";"W";"Mada, Bulan";"Mada, Bulan"
"Rasti";"Rukun";"W";"Rukun, Rasti";-100
"Hari";"Juang";"P";"Juang, Hari";-100
"Agung";"Angkasa";"P";"Angkasa, Agung";-100
"Ferry";"Sejahtera";"P";"Sejahtera, Ferry";-100
"Natali";"Widya";"W";"Widya, Natali";-100
"Jaka";"Sejahtera";"P";"Sejahtera, Jaka";-100
"Agung";"Maven";"P";"Maven, Agung";-100
"Danny";"Mardi";"P";"Mardi, Danny";-100
"Kusuma";"Damai";"P";"Damai, Kusuma";-100
"Lestari";"Ramah";"W";"Ramah, Lestari";-100
"Mega";"Sejahtera";"W";"Sejahtera, Mega";-100
"Hardi";"Damai";"P";"Damai, Hardi";-100
"Eko";"Ramah";"P";"Ramah, Eko";-100
"Erman";"Margo";"P";"Margo, Erman";"Margo, Erman"
"Rasti";"Mada";"W";"Mada, Rasti";-100
"Kairo";"Indrawan";"P";"Indrawan, Kairo";-100
"Jaka";"Juang";"P";"Juang, Jaka";-100
"Hardi";"Alexander";"P";"Alexander, Hardi";-100
"Lastri";"Mardi";"W";"Mardi, Lastri";-100
"Hardi";"Jagat";"P";"Jagat, Hardi";-100
"Hari";"Dominik";"P";"Dominik, Hari";-100
"Jaka";"Indrawan";"P";"Indrawan, Jaka";-100
"Ika";"Menawan";"W";"Menawan, Ika";-100
"Rasti";"Jagat";"W";"Jagat, Rasti";-100
"Cahya";"Ramah";"W";"Ramah, Cahya";-100
"Cahya";"Menawan";"W";"Menawan, Cahya";-100
"Lestari";"Pekerti";"W";"Pekerti, Lestari";-100
"Ferdy";"Widya";"P";"Widya, Ferdy";-100
"Aris";"Menawan";"P";"Menawan, Aris";-100
"Budiman";"Widya";"P";"Widya, Budiman";-100
"Eko";"Mada";"P";"Mada, Eko";-100
"Budiman";"Menawan";"P";"Menawan, Budiman";-100
"Lastri";"Alexander";"W";"Alexander, Lastri";-100
"Duma";"Margo";"W";"Margo, Duma";-100
"Kristina";"Indrawan";"W";"Indrawan, Kristina";-100
"Lestari";"Ramah";"W";"Ramah, Lestari";"Ramah, Lestari"
"Indah";"Tenteram";"W";"Tenteram, Indah";-100
"Lestari";"Ramah";"W";"Ramah, Lestari";"Ramah, Lestari"
"Ayu";"Maven";"W";"Maven, Ayu";-100
"Eriq";"Juang";"P";"Juang, Eriq";"Juang, Eriq"
"Erna";"Santana";"W";"Santana, Erna";-100
"Budi";"Angkasa";"P";"Angkasa, Budi";-100
"Aris";"Selangit";"P";"Selangit, Aris";-100
"Budiman";"Mada";"P";"Mada, Budiman";-100
"Eko";"Setiawan";"P";"Setiawan, Eko";-100
"Fanny";"Sejahtera";"W";"Sejahtera, Fanny";-100
"Gita";"Selangit";"W";"Selangit, Gita";-100
"Ika";"Juang";"W";"Juang, Ika";-100
"Galang";"Siberut";"P";"Siberut, Galang";-100
"Eko";"Terang";"P";"Terang, Eko";-100
"Lanny";"Ramah";"W";"Ramah, Lanny";-100
"Intan";"Angkasa";"W";"Angkasa, Intan";-100
"Ika";"Alexander";"W";"Alexander, Ika";-100
"Galang";"Pekerti";"P";"Pekerti, Galang";-100
"Lestari";"Sejahtera";"W";"Sejahtera, Lestari";"Sejahtera, Lestari"
"Indah";"Maven";"W";"Maven, Indah";-100
"Bulan";"Pekerti";"W";"Pekerti, Bulan";-100
"Niken";"Damai";"W";"Damai, Niken";-100
"Agus";"Alexander";"P";"Alexander, Agus";-100
"Erni";"Maven";"W";"Maven, Erni";-100
"Darsih";"Menawan";"W";"Menawan, Darsih";-100
"Aris";"Jagat";"P";"Jagat, Aris";-100
"Mariani";"Selangit";"W";"Selangit, Mariani";-100
"Budiman";"Sejahtera";"P";"Sejahtera, Budiman";-100
"Ferdy";"Santana";"P";"Santana, Ferdy";-100
"Budiwati";"Juang";"W";"Juang, Budiwati";"Juang, Budiwati"
"Ahmad";"Damai";"P";"Damai, Ahmad";-100
"Mega";"Dewangga";"W";"Dewangga, Mega";-100
"Erna";"Tenteram";"W";"Tenteram, Erna";-100
"Dario";"Dominik";"P";"Dominik, Dario";-100
"Budi";"Alexander";"P";"Alexander, Budi";-100
"Kusuma";"Jagat";"P";"Jagat, Kusuma";-100
"Sentosa";"Mardi";"P";"Mardi, Sentosa";-100
"Hardi";"Angkasa";"P";"Angkasa, Hardi";-100
"Lestari";"Rukun";"W";"Rukun, Lestari";-100
"Erni";"Angkasa";"W";"Angkasa, Erni";-100
"Ferry";"Terang";"P";"Terang, Ferry";"Terang, Ferry"
"Mulia";"Mada";"P";"Mada, Mulia";-100
"Darsih";"Mardi";"W";"Mardi, Darsih";-100
"Galang";"Mardi";"P";"Mardi, Galang";-100
"Ayu";"Sejahtera";"W";"Sejahtera, Ayu";-100
"Bintang";"Menawan";"W";"Menawan, Bintang";-100
"Mulia";"Alexander";"P";"Alexander, Mulia";-100
"Darman";"Dominik";"P";"Dominik, Darman";-100
"Cahyono";"Maven";"P";"Maven, Cahyono";-100
"Ika";"Dominik";"W";"Dominik, Ika";-100
"Aris";"Selangit";"P";"Selangit, Aris";"Selangit, Aris"
"Cahya";"Tenteram";"W";"Tenteram, Cahya";-100
"Lestari";"Tenteram";"W";"Tenteram, Lestari";-100
"Indah";"Margo";"W";"Margo, Indah";-100
"Darman";"Selangit";"P";"Selangit, Darman";-100
"Ardhi";"Alexander";"P";"Alexander, Ardhi";-100
"Dario";"Alexander";"P";"Alexander, Dario";-100
"Aris";"Dominik";"P";"Dominik, Aris";-100
"Ahmad";"Tenteram";"P";"Tenteram, Ahmad";-100
"Ika";"Siberut";"W";"Siberut, Ika";-100
"Agus";"Setiawan";"P";"Setiawan, Agus";-100
"Ferry";"Alexander";"P";"Alexander, Ferry";-100
"Duma";"Damai";"W";"Damai, Duma";-100
"Erman";"Maven";"P";"Maven, Erman";-100
"Kristina";"Rukun";"W";"Rukun, Kristina";-100
"Erna";"Setiawan";"W";"Setiawan, Erna";-100
"Ayu";"Ramah";"W";"Ramah, Ayu";-100
"Ardhi";"Alexander";"P";"Alexander, Ardhi";"Alexander, Ardhi"
"Aris";"Angkasa";"P";"Angkasa, Aris";-100
"Danny";"Alexander";"P";"Alexander, Danny";-100
"Budiman";"Ramah";"P";"Ramah, Budiman";-100
"Agung";"Terang";"P";"Terang, Agung";-100
"Irwandi";"Pekerti";"P";"Pekerti, Irwandi";-100
"Kristina";"Margo";"W";"Margo, Kristina";-100
"Kairo";"Mada";"P";"Mada, Kairo";-100
"Kristina";"Sejahtera";"W";"Sejahtera, Kristina";-100
"Galang";"Terang";"P";"Terang, Galang";-100
"Ardhi";"Angkasa";"P";"Angkasa, Ardhi";-100
"Cahya";"Mada";"W";"Mada, Cahya";-100
"Eria";"Margo";"W";"Margo, Eria";-100
"Hari";"Santana";"P";"Santana, Hari";-100
"Fanny";"Santana";"W";"Santana, Fanny";"Santana, Fanny"
"Kusuma";"Terang";"P";"Terang, Kusuma";-100
"Erni";"Margo";"W";"Margo, Erni";-100
"Ahmad";"Setiawan";"P";"Setiawan, Ahmad";-100
"Fanny";"Maven";"W";"Maven, Fanny";-100
"Aris";"Angkasa";"P";"Angkasa, Aris";"Angkasa, Aris"
"Erni";"Mada";"W";"Mada, Erni";-100
"Mariani";"Damai";"W";"Damai, Mariani";-100
"Darsih";"Alexander";"W";"Alexander, Darsih";-100
"Ardhi";"Terang";"P";"Terang, Ardhi";-100
"Budi";"Rukun";"P";"Rukun, Budi";-100
"Eria";"Juang";"W";"Juang, Eria";-100
"Ferry";"Jagat";"P";"Jagat, Ferry";-100
"Intan";"Mardi";"W";"Mardi, Intan";"Mardi, Intan"
"Kairo";"Mardi";"P";"Mardi, Kairo";-100
"Cahyo";"Tenteram";"P";"Tenteram, Cahyo";-100
"Danny";"Damai";"P";"Damai, Danny";-100
"Ahmad";"Terang";"P";"Terang, Ahmad";-100
"Harum";"Jagat";"W";"Jagat, Harum";-100
"Lanny";"Menawan";"W";"Menawan, Lanny";-100
"Irwandi";"Damai";"P";"Damai, Irwandi";-100
"Budiwati";"Alexander";"W";"Alexander, Budiwati";-100
"Agung";"Sejahtera";"P";"Sejahtera, Agung";"Sejahtera, Agung"
"Darman";"Siberut";"P";"Siberut, Darman";-100
"Ahmad";"Damai";"P";"Damai, Ahmad";"Damai, Ahmad"
"Kusuma";"Pekerti";"P";"Pekerti, Kusuma";-100
"Bulan";"Setiawan";"W";"Setiawan, Bulan";-100
"Hari";"Santana";"P";"Santana, Hari";"Santana, Hari"
"Ayu";"Jagat";"W";"Jagat, Ayu";-100
"Erna";"Setiawan";"W";"Setiawan, Erna";"Setiawan, Erna"
"Hari";"Santana";"P";"Santana, Hari";"Santana, Hari"
"Cahyo";"Siberut";"P";"Siberut, Cahyo";-100
"Ferdy";"Dewangga";"P";"Dewangga, Ferdy";-100
"Agustina";"Dominik";"W";"Dominik, Agustina";-100
"Ferry";"Damai";"P";"Damai, Ferry";"Damai, Ferry"
"Darman";"Alexander";"P";"Alexander, Darman";-100
"Lanny";"Menawan";"W";"Menawan, Lanny";"Menawan, Lanny"
"Ahmad";"Alexander";"P";"Alexander, Ahmad";-100
"Mawar";"Indrawan";"W";"Indrawan, Mawar";-100
"Lanny";"Terang";"W";"Terang, Lanny";-100
"Mulyo";"Rukun";"P";"Rukun, Mulyo";-100
"Ika";"Mardi";"W";"Mardi, Ika";"Mardi, Ika"
"Mulia";"Juang";"P";"Juang, Mulia";-100
"Natali";"Mada";"W";"Mada, Natali";-100
"Cahyono";"Mardi";"P";"Mardi, Cahyono";-100
"Mawar";"Damai";"W";"Damai, Mawar";-100
"Gita";"Dominik";"W";"Dominik, Gita";-100
"Fanny";"Rukun";"W";"Rukun, Fanny";-100
"Natali";"Santana";"W";"Santana, Natali";-100
"Galang";"Indrawan";"P";"Indrawan, Galang";-100
"Aris";"Alexander";"P";"Alexander, Aris";-100
"Eria";"Alexander";"W";"Alexander, Eria";-100
"Galang";"Menawan";"P";"Menawan, Galang";-100
"Jefrie";"Jagat";"P";"Jagat, Jefrie";-100
"Mulia";"Dewangga";"P";"Dewangga, Mulia";-100
"Natali";"Mada";"W";"Mada, Natali";"Mada, Natali"
"Danny";"Juang";"P";"Juang, Danny";-100
"Eria";"Angkasa";"W";"Angkasa, Eria";-100
"Budiwati";"Sejahtera";"W";"Sejahtera, Budiwati";-100
"Erna";"Setiawan";"W";"Setiawan, Erna";"Setiawan, Erna"
"Cahyono";"Setiawan";"P";"Setiawan, Cahyono";-100
"Lestari";"Terang";"W";"Terang, Lestari";-100
"Mega";"Angkasa";"W";"Angkasa, Mega";-100
"Dario";"Ramah";"P";"Ramah, Dario";-100
"Ferry";"Damai";"P";"Damai, Ferry";"Damai, Ferry"
"Ihsan";"Rukun";"P";"Rukun, Ihsan";-100
"Fanny";"Dominik";"W";"Dominik, Fanny";-100
"Bulan";"Setiawan";"W";"Setiawan, Bulan";"Setiawan, Bulan"
"Cahya";"Setiawan";"W";"Setiawan, Cahya";-100
"Aris";"Widya";"P";"Widya, Aris";-100
"Kairo";"Widya";"P";"Widya, Kairo";-100
"Agus";"Alexander";"P";"Alexander, Agus";"Alexander, Agus"
"Cahyo";"Tenteram";"P";"Tenteram, Cahyo";"Tenteram, Cahyo"
"Mulia";"Rukun";"P";"Rukun, Mulia";-100
"Desita";"Jagat";"W";"Jagat, Desita";-100
"Ahmad";"Dewangga";"P";"Dewangga, Ahmad";-100
"Eriq";"Tenteram";"P";"Tenteram, Eriq";-100
"Ferdy";"Pekerti";"P";"Pekerti, Ferdy";-100
"Ayu";"Menawan";"W";"Menawan, Ayu";-100
"Fanny";"Angkasa";"W";"Angkasa, Fanny";-100
"Desita";"Jagat";"W";"Jagat, Desita";"Jagat, Desita"
"Hardi";"Damai";"P";"Damai, Hardi";"Damai, Hardi"
"Agung";"Dominik";"P";"Dominik, Agung";-100
"Agung";"Mada";"P";"Mada, Agung";-100
"Lanny";"Santana";"W";"Santana, Lanny";-100
"Natali";"Rukun";"W";"Rukun, Natali";-100
"Agus";"Dewangga";"P";"Dewangga, Agus";-100
"Kristina";"Widya";"W";"Widya, Kristina";-100
"Agustina";"Siberut";"W";"Siberut, Agustina";-100
"Hari";"Alexander";"P";"Alexander, Hari";-100
"Aris";"Siberut";"P";"Siberut, Aris";-100
"Niken";"Angkasa";"W";"Angkasa, Niken";-100
"Kristina";"Angkasa";"W";"Angkasa, Kristina";-100
"Lastri";"Santana";"W";"Santana, Lastri";-100
"Budiman";"Tenteram";"P";"Tenteram, Budiman";-100
"Gita";"Dominik";"W";"Dominik, Gita";"Dominik, Gita"
"Cahyo";"Dewangga";"P";"Dewangga, Cahyo";-100
"Bintang";"Ramah";"W";"Ramah, Bintang";-100
"Harum";"Maven";"W";"Maven, Harum";-100
"Dario";"Siberut";"P";"Siberut, Dario";-100
"Rasti";"Widya";"W";"Widya, Rasti";-100
"Lastri";"Mada";"W";"Mada, Lastri";-100
"Kristina";"Siberut";"W";"Siberut, Kristina";-100
"Cahyo";"Ramah";"P";"Ramah, Cahyo";-100
"Ayu";"Selangit";"W";"Selangit, Ayu";-100
"Mulyo";"Margo";"P";"Margo, Mulyo";-100
"Jefrie";"Juang";"P";"Juang, Jefrie";-100
"Harum";"Sejahtera";"W";"Sejahtera, Harum";-100
"Budiman";"Maven";"P";"Maven, Budiman";-100
"Sentosa";"Alexander";"P";"Alexander, Sentosa";-100
"Erni";"Ramah";"W";"Ramah, Erni";-100
"Agus";"Setiawan";"P";"Setiawan, Agus";"Setiawan, Agus"
"Cahyo";"Sejahtera";"P";"Sejahtera, Cahyo";-100
"Agus";"Setiawan";"P";"Setiawan, Agus";"Setiawan, Agus"
"Duma";"Sejahtera";"W";"Sejahtera, Duma";-100
"Ihsan";"Alexander";"P";"Alexander, Ihsan";-100
"Sentosa";"Indrawan";"P";"Indrawan, Sentosa";-100
"Desita";"Setiawan";"W";"Setiawan, Desita";-100
"Mawar";"Rukun";"W";"Rukun, Mawar";-100
"Eriq";"Margo";"P";"Margo, Eriq";-100
"Sentosa";"Tenteram";"P";"Tenteram, Sentosa";-100
"Desita";"Dewangga";"W";"Dewangga, Desita";-100
"Ika";"Dominik";"W";"Dominik, Ika";"Dominik, Ika"
"Erni";"Mada";"W";"Mada, Erni";"Mada, Erni"
"Harum";"Selangit";"W";"Selangit, Harum";-100
"Cahyono";"Dewangga";"P";"Dewangga, Cahyono";-100
"Ayu";"Tenteram";"W";"Tenteram, Ayu";-100
"Sentosa";"Jagat";"P";"Jagat, Sentosa";-100
"Budi";"Maven";"P";"Maven, Budi";-100
"Ika";"Santana";"W";"Santana, Ika";-100
"Mawar";"Selangit";"W";"Selangit, Mawar";-100
"Ben";"Maven";"P";"Maven, Ben";-100
"Eko";"Damai";"P";"Damai, Eko";-100
"Jefrie";"Terang";"P";"Terang, Jefrie";-100
"Bulan";"Mardi";"W";"Mardi, Bulan";-100
"Intan";"Santana";"W";"Santana, Intan";-100
"Mulyo";"Dewangga";"P";"Dewangga, Mulyo";"Dewangga, Mulyo"
"Rasti";"Angkasa";"W";"Angkasa, Rasti";-100
"Irwandi";"Dominik";"P";"Dominik, Irwandi";-100
"Cahyo";"Angkasa";"P";"Angkasa, Cahyo";-100
"Hardi";"Tenteram";"P";"Tenteram, Hardi";-100
"Desita";"Selangit";"W";"Selangit, Desita";-100
"Ferry";"Sejahtera";"P";"Sejahtera, Ferry";"Sejahtera, Ferry"
"Erman";"Selangit";"P";"Selangit, Erman";-100
"Agung";"Terang";"P";"Terang, Agung";"Terang, Agung"
"Hardi";"Menawan";"P";"Menawan, Hardi";-100
"Kusuma";"Juang";"P";"Juang, Kusuma";-100
"Erni";"Angkasa";"W";"Angkasa, Erni";"Angkasa, Erni"
"Ihsan";"Damai";"P";"Damai, Ihsan";-100
"Budiwati";"Menawan";"W";"Menawan, Budiwati";-100
"Hardi";"Menawan";"P";"Menawan, Hardi";"Menawan, Hardi"
"Budiwati";"Dominik";"W";"Dominik, Budiwati";-100
"Mulyo";"Tenteram";"P";"Tenteram, Mulyo";-100
"Gunawan";"Selangit";"P";"Selangit, Gunawan";-100
"Darman";"Sejahtera";"P";"Sejahtera, Darman";-100
"Jaka";"Tenteram";"P";"Tenteram, Jaka";-100
"Bintang";"Selangit";"W";"Selangit, Bintang";-100
"Kusuma";"Dominik";"P";"Dominik, Kusuma";-100
"Mulyo";"Ramah";"P";"Ramah, Mulyo";-100
"Fanny";"Setiawan";"W";"Setiawan, Fanny";-100
"Budi";"Juang";"P";"Juang, Budi";-100
"Lestari";"Indrawan";"W";"Indrawan, Lestari";-100
"Ayu";"Rukun";"W";"Rukun, Ayu";-100
"Gunawan";"Dewangga";"P";"Dewangga, Gunawan";-100
"Irwandi";"Rukun";"P";"Rukun, Irwandi";-100
"Erna";"Dominik";"W";"Dominik, Erna";-100
"Niken";"Setiawan";"W";"Setiawan, Niken";-100
"Kusuma";"Widya";"P";"Widya, Kusuma";-100
"Eriq";"Jagat";"P";"Jagat, Eriq";-100
"Erni";"Maven";"W";"Maven, Erni";"Maven, Erni"
"Darsih";"Tenteram";"W";"Tenteram, Darsih";-100
"Bintang";"Mada";"W";"Mada, Bintang";-100
"Darman";"Ramah";"P";"Ramah, Darman";"Ramah, Darman"
"Gunawan";"Dewangga";"P";"Dewangga, Gunawan";"Dewangga, Gunawan"
"Sentosa";"Margo";"P";"Margo, Sentosa";-100
"Gita";"Ramah";"W";"Ramah, Gita";-100
"Jaka";"Menawan";"P";"Menawan, Jaka";-100
"Niken";"Dominik";"W";"Dominik, Niken";-100
"Darsih";"Indrawan";"W";"Indrawan, Darsih";-100
"Cahyo";"Dewangga";"P";"Dewangga, Cahyo";"Dewangga, Cahyo"
"Sentosa";"Alexander";"P";"Alexander, Sentosa";"Alexander, Sentosa"
"Fanny";"Damai";"W";"Damai, Fanny";-100
"Eko";"Dominik";"P";"Dominik, Eko";-100
"Cahya";"Indrawan";"W";"Indrawan, Cahya";-100
"Duma";"Indrawan";"W";"Indrawan, Duma";-100
"Mariani";"Damai";"W";"Damai, Mariani";"Damai, Mariani"
"Niken";"Maven";"W";"Maven, Niken";-100
"Lanny";"Damai";"W";"Damai, Lanny";-100
"Dario";"Indrawan";"P";"Indrawan, Dario";-100
"Ayu";"Siberut";"W";"Siberut, Ayu";-100
"Kusuma";"Setiawan";"P";"Setiawan, Kusuma";-100
"Mega";"Ramah";"W";"Ramah, Mega";-100
"Cahyo";"Tenteram";"P";"Tenteram, Cahyo";"Tenteram, Cahyo"
"Erni";"Angkasa";"W";"Angkasa, Erni";"Angkasa, Erni"
"Galang";"Angkasa";"P";"Angkasa, Galang";-100
"Mawar";"Mardi";"W";"Mardi, Mawar";-100
"Ferdy";"Pekerti";"P";"Pekerti, Ferdy";"Pekerti, Ferdy"
"Mawar";"Margo";"W";"Margo, Mawar";-100
"Eriq";"Rukun";"P";"Rukun, Eriq";-100
"Dario";"Ramah";"P";"Ramah, Dario";"Ramah, Dario"
"Agung";"Alexander";"P";"Alexander, Agung";"Alexander, Agung"
"Jefrie";"Rukun";"P";"Rukun, Jefrie";-100
"Aris";"Tenteram";"P";"Tenteram, Aris";-100
"Erni";"Terang";"W";"Terang, Erni";-100
"Duma";"Selangit";"W";"Selangit, Duma";-100
"Niken";"Ramah";"W";"Ramah, Niken";-100
"Mawar";"Damai";"W";"Damai, Mawar";"Damai, Mawar"
"Eko";"Ramah";"P";"Ramah, Eko";"Ramah, Eko"
"Cahyono";"Alexander";"P";"Alexander, Cahyono";-100
"Desita";"Tenteram";"W";"Tenteram, Desita";-100
"Harum";"Widya";"W";"Widya, Harum";-100
"Dario";"Ramah";"P";"Ramah, Dario";"Ramah, Dario"
"Cahyo";"Juang";"P";"Juang, Cahyo";-100
"Agung";"Setiawan";"P";"Setiawan, Agung";-100
"Hardi";"Angkasa";"P";"Angkasa, Hardi";"Angkasa, Hardi"
"Dario";"Ramah";"P";"Ramah, Dario";"Ramah, Dario"
"Erni";"Tenteram";"W";"Tenteram, Erni";-100
"Sentosa";"Mardi";"P";"Mardi, Sentosa";"Mardi, Sentosa"
"Agung";"Margo";"P";"Margo, Agung";-100
"Erman";"Juang";"P";"Juang, Erman";-100
"Bulan";"Siberut";"W";"Siberut, Bulan";-100
"Ahmad";"Dominik";"P";"Dominik, Ahmad";-100
"Ferdy";"Tenteram";"P";"Tenteram, Ferdy";-100
"Kusuma";"Siberut";"P";"Siberut, Kusuma";-100
"Sentosa";"Damai";"P";"Damai, Sentosa";-100
"Hari";"Setiawan";"P";"Setiawan, Hari";-100
"Danny";"Margo";"P";"Margo, Danny";-100
"Agus";"Menawan";"P";"Menawan, Agus";-100
"Mawar";"Selangit";"W";"Selangit, Mawar";"Selangit, Mawar"
"Danny";"Setiawan";"P";"Setiawan, Danny";-100
"Sentosa";"Dewangga";"P";"Dewangga, Sentosa";-100
"Agus";"Sejahtera";"P";"Sejahtera, Agus";-100
"Cahyo";"Indrawan";"P";"Indrawan, Cahyo";-100
"Budiwati";"Dewangga";"W";"Dewangga, Budiwati";-100
"Darsih";"Angkasa";"W";"Angkasa, Darsih";-100
"Gunawan";"Mardi";"P";"Mardi, Gunawan";-100
"Ardhi";"Sejahtera";"P";"Sejahtera, Ardhi";-100
"Mega";"Setiawan";"W";"Setiawan, Mega";-100
"Niken";"Indrawan";"W";"Indrawan, Niken";-100
"Ben";"Juang";"P";"Juang, Ben";-100
"Budiman";"Indrawan";"P";"Indrawan, Budiman";-100
"Ben";"Margo";"P";"Margo, Ben";-100
"Kairo";"Siberut";"P";"Siberut, Kairo";-100
"Budiwati";"Menawan";"W";"Menawan, Budiwati";"Menawan, Budiwati"
"Niken";"Sejahtera";"W";"Sejahtera, Niken";-100
"Ahmad";"Pekerti";"P";"Pekerti, Ahmad";-100
"Cahya";"Menawan";"W";"Menawan, Cahya";"Menawan, Cahya"
"Rasti";"Sejahtera";"W";"Sejahtera, Rasti";-100
"Mulia";"Siberut";"P";"Siberut, Mulia";-100
"Intan";"Dominik";"W";"Dominik, Intan";"Dominik, Intan"
"Aris";"Mardi";"P";"Mardi, Aris";-100
"Agustina";"Dominik";"W";"Dominik, Agustina";"Dominik, Agustina"
"Dario";"Pekerti";"P";"Pekerti, Dario";-100
"Lestari";"Dewangga";"W";"Dewangga, Lestari";-100
"Rasti";"Dewangga";"W";"Dewangga, Rasti";-100
"Erna";"Terang";"W";"Terang, Erna";-100
"Cahyo";"Ramah";"P";"Ramah, Cahyo";"Ramah, Cahyo"
"Ihsan";"Widya";"P";"Widya, Ihsan";-100
"Budiwati";"Rukun";"W";"Rukun, Budiwati";-100
"Kairo";"Rukun";"P";"Rukun, Kairo";"Rukun, Kairo"
"Galang";"Angkasa";"P";"Angkasa, Galang";"Angkasa, Galang"
"Galang";"Setiawan";"P";"Setiawan, Galang";-100
"Intan";"Santana";"W";"Santana, Intan";"Santana, Intan"
"Jefrie";"Damai";"P";"Damai, Jefrie";-100
"Ahmad";"Alexander";"P";"Alexander, Ahmad";"Alexander, Ahmad"
"Ihsan";"Indrawan";"P";"Indrawan, Ihsan";-100
"Indah";"Terang";"W";"Terang, Indah";-100
"Budi";"Widya";"P";"Widya, Budi";-100
"Kairo";"Pekerti";"P";"Pekerti, Kairo";-100
"Natali";"Siberut";"W";"Siberut, Natali";-100
"Aris";"Angkasa";"P";"Angkasa, Aris";"Angkasa, Aris"
"Irwandi";"Widya";"P";"Widya, Irwandi";-100
"Budiwati";"Ramah";"W";"Ramah, Budiwati";-100
"Intan";"Selangit";"W";"Selangit, Intan";-100
"Desita";"Setiawan";"W";"Setiawan, Desita";"Setiawan, Desita"
"Hari";"Mardi";"P";"Mardi, Hari";-100
"Indah";"Jagat";"W";"Jagat, Indah";-100
"Gita";"Santana";"W";"Santana, Gita";-100
"Jaka";"Jagat";"P";"Jagat, Jaka";-100
"Cahyo";"Widya";"P";"Widya, Cahyo";-100
"Agung";"Angkasa";"P";"Angkasa, Agung";"Angkasa, Agung"
"Natali";"Santana";"W";"Santana, Natali";"Santana, Natali"
"Lastri";"Indrawan";"W";"Indrawan, Lastri";-100
"Darsih";"Terang";"W";"Terang, Darsih";-100
"Cahyo";"Indrawan";"P";"Indrawan, Cahyo";"Indrawan, Cahyo"
"Kairo";"Pekerti";"P";"Pekerti, Kairo";"Pekerti, Kairo"
"Natali";"Mardi";"W";"Mardi, Natali";-100
"Intan";"Damai";"W";"Damai, Intan";-100
"Eriq";"Dewangga";"P";"Dewangga, Eriq";-100
"Cahyono";"Ramah";"P";"Ramah, Cahyono";-100
"Jaka";"Mardi";"P";"Mardi, Jaka";-100
"Harum";"Terang";"W";"Terang, Harum";-100
"Duma";"Maven";"W";"Maven, Duma";-100
"Agung";"Terang";"P";"Terang, Agung";"Terang, Agung"
"Agus";"Widya";"P";"Widya, Agus";-100
"Mega";"Angkasa";"W";"Angkasa, Mega";"Angkasa, Mega"
"Aris";"Damai";"P";"Damai, Aris";-100
"Natali";"Terang";"W";"Terang, Natali";-100
"Harum";"Setiawan";"W";"Setiawan, Harum";-100
"Intan";"Selangit";"W";"Selangit, Intan";"Selangit, Intan"
"Harum";"Ramah";"W";"Ramah, Harum";-100
"Jefrie";"Sejahtera";"P";"Sejahtera, Jefrie";-100
"Dario";"Damai";"P";"Damai, Dario";-100
"Eriq";"Menawan";"P";"Menawan, Eriq";-100
"Galang";"Santana";"P";"Santana, Galang";-100
"Niken";"Mada";"W";"Mada, Niken";-100
"Ayu";"Mardi";"W";"Mardi, Ayu";-100
"Ardhi";"Pekerti";"P";"Pekerti, Ardhi";"Pekerti, Ardhi"
"Erna";"Mardi";"W";"Mardi, Erna";-100
"Jaka";"Sejahtera";"P";"Sejahtera, Jaka";"Sejahtera, Jaka"
"Erna";"Pekerti";"W";"Pekerti, Erna";-100
"Gita";"Tenteram";"W";"Tenteram, Gita";-100
"Cahyono";"Juang";"P";"Juang, Cahyono";-100
"Ardhi";"Tenteram";"P";"Tenteram, Ardhi";-100
"Cahya";"Mardi";"W";"Mardi, Cahya";-100
"Jefrie";"Indrawan";"P";"Indrawan, Jefrie";-100
"Darsih";"Setiawan";"W";"Setiawan, Darsih";-100
"Ahmad";"Damai";"P";"Damai, Ahmad";"Damai, Ahmad"
"Ayu";"Dewangga";"W";"Dewangga, Ayu";-100
"Fanny";"Tenteram";"W";"Tenteram, Fanny";-100
"Mawar";"Selangit";"W";"Selangit, Mawar";"Selangit, Mawar"
"Ardhi";"Damai";"P";"Damai, Ardhi";-100
"Desita";"Selangit";"W";"Selangit, Desita";"Selangit, Desita"
"Mulia";"Alexander";"P";"Alexander, Mulia";"Alexander, Mulia"
"Aris";"Ramah";"P";"Ramah, Aris";-100
"Erna";"Selangit";"W";"Selangit, Erna";-100
"Lastri";"Pekerti";"W";"Pekerti, Lastri";-100
"Erman";"Margo";"P";"Margo, Erman";"Margo, Erman"
"Budiwati";"Mardi";"W";"Mardi, Budiwati";-100
"Jaka";"Mada";"P";"Mada, Jaka";-100
"Ben";"Rukun";"P";"Rukun, Ben";-100
"Ferdy";"Menawan";"P";"Menawan, Ferdy";-100
"Ika";"Alexander";"W";"Alexander, Ika";"Alexander, Ika"
"Mulyo";"Selangit";"P";"Selangit, Mulyo";-100
"Duma";"Ramah";"W";"Ramah, Duma";-100
"Lastri";"Dominik";"W";"Dominik, Lastri";-100
"Eko";"Rukun";"P";"Rukun, Eko";-100
"Niken";"Jagat";"W";"Jagat, Niken";-100
"Budiwati";"Dominik";"W";"Dominik, Budiwati";"Dominik, Budiwati"
"Budi";"Jagat";"P";"Jagat, Budi";-100
"Eko";"Angkasa";"P";"Angkasa, Eko";-100
"Indah";"Dewangga";"W";"Dewangga, Indah";-100
"Erna";"Margo";"W";"Margo, Erna";-100
"Budiwati";"Mada";"W";"Mada, Budiwati";-100
"Budiwati";"Selangit";"W";"Selangit, Budiwati";-100
"Ahmad";"Indrawan";"P";"Indrawan, Ahmad";-100
"Lastri";"Rukun";"W";"Rukun, Lastri";-100
"Duma";"Terang";"W";"Terang, Duma";-100
"Erna";"Alexander";"W";"Alexander, Erna";-100
"Eriq";"Margo";"P";"Margo, Eriq";"Margo, Eriq"
"Desita";"Dewangga";"W";"Dewangga, Desita";"Dewangga, Desita"
"Jefrie";"Siberut";"P";"Siberut, Jefrie";-100
"Lastri";"Mardi";"W";"Mardi, Lastri";"Mardi, Lastri"
"Jefrie";"Selangit";"P";"Selangit, Jefrie";-100
"Agung";"Sejahtera";"P";"Sejahtera, Agung";"Sejahtera, Agung"
"Ferry";"Alexander";"P";"Alexander, Ferry";"Alexander, Ferry"
"Ben";"Dominik";"P";"Dominik, Ben";-100
"Ahmad";"Widya";"P";"Widya, Ahmad";-100
"Eko";"Santana";"P";"Santana, Eko";-100
"Mulyo";"Indrawan";"P";"Indrawan, Mulyo";-100
"Cahya";"Terang";"W";"Terang, Cahya";-100
"Cahyo";"Damai";"P";"Damai, Cahyo";-100
"Sentosa";"Siberut";"P";"Siberut, Sentosa";-100
"Aris";"Dominik";"P";"Dominik, Aris";"Dominik, Aris"
"Ahmad";"Selangit";"P";"Selangit, Ahmad";-100
"Ferdy";"Dominik";"P";"Dominik, Ferdy";-100
"Cahyo";"Ramah";"P";"Ramah, Cahyo";"Ramah, Cahyo"
"Agus";"Widya";"P";"Widya, Agus";"Widya, Agus"
"Dario";"Ramah";"P";"Ramah, Dario";"Ramah, Dario"
"Ferdy";"Widya";"P";"Widya, Ferdy";"Widya, Ferdy"
"Niken";"Setiawan";"W";"Setiawan, Niken";"Setiawan, Niken"
"Lanny";"Mada";"W";"Mada, Lanny";-100
"Ferry";"Mada";"P";"Mada, Ferry";-100
"Agung";"Jagat";"P";"Jagat, Agung";-100
"Duma";"Santana";"W";"Santana, Duma";-100
"Agus";"Margo";"P";"Margo, Agus";-100
"Mawar";"Selangit";"W";"Selangit, Mawar";"Selangit, Mawar"
"Desita";"Juang";"W";"Juang, Desita";"Juang, Desita"
"Fanny";"Santana";"W";"Santana, Fanny";"Santana, Fanny"
"Lastri";"Terang";"W";"Terang, Lastri";-100
"Lastri";"Sejahtera";"W";"Sejahtera, Lastri";-100
"Ayu";"Jagat";"W";"Jagat, Ayu";"Jagat, Ayu"
"Kristina";"Setiawan";"W";"Setiawan, Kristina";-100
"Lanny";"Angkasa";"W";"Angkasa, Lanny";-100
"Mawar";"Angkasa";"W";"Angkasa, Mawar";-100
"Danny";"Siberut";"P";"Siberut, Danny";-100
"Eria";"Alexander";"W";"Alexander, Eria";"Alexander, Eria"
"Gunawan";"Jagat";"P";"Jagat, Gunawan";-100
"Ferdy";"Pekerti";"P";"Pekerti, Ferdy";"Pekerti, Ferdy"
"Mega";"Selangit";"W";"Selangit, Mega";-100
"Kairo";"Alexander";"P";"Alexander, Kairo";-100
"Duma";"Sejahtera";"W";"Sejahtera, Duma";"Sejahtera, Duma"
"Erman";"Jagat";"P";"Jagat, Erman";-100
"Budi";"Angkasa";"P";"Angkasa, Budi";"Angkasa, Budi"
"Darsih";"Terang";"W";"Terang, Darsih";"Terang, Darsih"
"Budi";"Tenteram";"P";"Tenteram, Budi";-100
"Erman";"Mardi";"P";"Mardi, Erman";-100
"Agung";"Damai";"P";"Damai, Agung";-100
"Eria";"Setiawan";"W";"Setiawan, Eria";-100
"Jaka";"Santana";"P";"Santana, Jaka";-100
"Ardhi";"Jagat";"P";"Jagat, Ardhi";-100
"Mulyo";"Jagat";"P";"Jagat, Mulyo";-100
"Bintang";"Indrawan";"W";"Indrawan, Bintang";-100
"Ferry";"Mada";"P";"Mada, Ferry";"Mada, Ferry"
"Lestari";"Sejahtera";"W";"Sejahtera, Lestari";"Sejahtera, Lestari"
"Mulia";"Pekerti";"P";"Pekerti, Mulia";-100
"Erman";"Maven";"P";"Maven, Erman";"Maven, Erman"
"Cahyo";"Maven";"P";"Maven, Cahyo";-100
"Lestari";"Pekerti";"W";"Pekerti, Lestari";"Pekerti, Lestari"
"Jefrie";"Santana";"P";"Santana, Jefrie";-100
"Jaka";"Indrawan";"P";"Indrawan, Jaka";"Indrawan, Jaka"
"Bulan";"Mardi";"W";"Mardi, Bulan";"Mardi, Bulan"
"Erman";"Margo";"P";"Margo, Erman";"Margo, Erman"
"Mega";"Terang";"W";"Terang, Mega";-100
"Cahyo";"Rukun";"P";"Rukun, Cahyo";"Rukun, Cahyo"
"Ihsan";"Widya";"P";"Widya, Ihsan";"Widya, Ihsan"
"Cahyo";"Margo";"P";"Margo, Cahyo";-100
"Cahyono";"Dewangga";"P";"Dewangga, Cahyono";"Dewangga, Cahyono"
"Jefrie";"Setiawan";"P";"Setiawan, Jefrie";-100
"Lanny";"Angkasa";"W";"Angkasa, Lanny";"Angkasa, Lanny"
"Jefrie";"Damai";"P";"Damai, Jefrie";"Damai, Jefrie"
"Cahyo";"Jagat";"P";"Jagat, Cahyo";-100
"Cahyono";"Mardi";"P";"Mardi, Cahyono";"Mardi, Cahyono"
"Dario";"Siberut";"P";"Siberut, Dario";"Siberut, Dario"
"Indah";"Widya";"W";"Widya, Indah";-100
"Jaka";"Ramah";"P";"Ramah, Jaka";-100
"Mulyo";"Ramah";"P";"Ramah, Mulyo";"Ramah, Mulyo"
"Budi";"Ramah";"P";"Ramah, Budi";"Ramah, Budi"
"Mulyo";"Siberut";"P";"Siberut, Mulyo";-100
"Erna";"Dominik";"W";"Dominik, Erna";"Dominik, Erna"
"Ahmad";"Indrawan";"P";"Indrawan, Ahmad";"Indrawan, Ahmad"
"Aris";"Margo";"P";"Margo, Aris";-100
"Cahya";"Maven";"W";"Maven, Cahya";-100
"Rasti";"Jagat";"W";"Jagat, Rasti";"Jagat, Rasti"
"Ben";"Tenteram";"P";"Tenteram, Ben";-100
"Bulan";"Tenteram";"W";"Tenteram, Bulan";-100
"Budi";"Menawan";"P";"Menawan, Budi";-100
"Sentosa";"Widya";"P";"Widya, Sentosa";"Widya, Sentosa"
"Desita";"Setiawan";"W";"Setiawan, Desita";"Setiawan, Desita"
"Intan";"Dominik";"W";"Dominik, Intan";"Dominik, Intan"
"Ben";"Siberut";"P";"Siberut, Ben";-100
"Lastri";"Indrawan";"W";"Indrawan, Lastri";"Indrawan, Lastri"
"Eria";"Dewangga";"W";"Dewangga, Eria";-100
"Agus";"Selangit";"P";"Selangit, Agus";-100
"Intan";"Dominik";"W";"Dominik, Intan";"Dominik, Intan"
"Agung";"Terang";"P";"Terang, Agung";"Terang, Agung"
"Agustina";"Rukun";"W";"Rukun, Agustina";-100
"Irwandi";"Rukun";"P";"Rukun, Irwandi";"Rukun, Irwandi"
"Hardi";"Juang";"P";"Juang, Hardi";-100
"Kristina";"Alexander";"W";"Alexander, Kristina";-100
"Erna";"Pekerti";"W";"Pekerti, Erna";"Pekerti, Erna"
"Ferdy";"Damai";"P";"Damai, Ferdy";-100
"Kristina";"Menawan";"W";"Menawan, Kristina";-100
"Agustina";"Setiawan";"W";"Setiawan, Agustina";-100
"Kusuma";"Mada";"P";"Mada, Kusuma";-100
"Kairo";"Selangit";"P";"Selangit, Kairo";-100
"Bulan";"Setiawan";"W";"Setiawan, Bulan";"Setiawan, Bulan"
"Gita";"Dewangga";"W";"Dewangga, Gita";-100
"Natali";"Jagat";"W";"Jagat, Natali";-100
"Mulyo";"Pekerti";"P";"Pekerti, Mulyo";-100
"Ardhi";"Dominik";"P";"Dominik, Ardhi";-100
"Budi";"Rukun";"P";"Rukun, Budi";"Rukun, Budi"
"Ferdy";"Widya";"P";"Widya, Ferdy";"Widya, Ferdy"
"Jefrie";"Jagat";"P";"Jagat, Jefrie";"Jagat, Jefrie"
"Hardi";"Terang";"P";"Terang, Hardi";-100
"Ahmad";"Rukun";"P";"Rukun, Ahmad";-100
"Jefrie";"Rukun";"P";"Rukun, Jefrie";"Rukun, Jefrie"
"Desita";"Damai";"W";"Damai, Desita";-100
"Kristina";"Mada";"W";"Mada, Kristina";-100
"Darsih";"Angkasa";"W";"Angkasa, Darsih";"Angkasa, Darsih"
"Agustina";"Angkasa";"W";"Angkasa, Agustina";-100
"Harum";"Mardi";"W";"Mardi, Harum";-100
"Desita";"Indrawan";"W";"Indrawan, Desita";-100
"Erman";"Jagat";"P";"Jagat, Erman";"Jagat, Erman"
"Budi";"Mardi";"P";"Mardi, Budi";-100
"Ferry";"Dewangga";"P";"Dewangga, Ferry";-100
"Dario";"Angkasa";"P";"Angkasa, Dario";-100
"Cahya";"Terang";"W";"Terang, Cahya";"Terang, Cahya"
"Mulyo";"Damai";"P";"Damai, Mulyo";-100
"Kairo";"Damai";"P";"Damai, Kairo";-100
"Ben";"Selangit";"P";"Selangit, Ben";-100
"Darsih";"Setiawan";"W";"Setiawan, Darsih";"Setiawan, Darsih"
"Galang";"Siberut";"P";"Siberut, Galang";"Siberut, Galang"
"Darman";"Maven";"P";"Maven, Darman";-100
"Aris";"Menawan";"P";"Menawan, Aris";"Menawan, Aris"
"Hardi";"Selangit";"P";"Selangit, Hardi";-100
"Intan";"Sejahtera";"W";"Sejahtera, Intan";-100
"Darsih";"Alexander";"W";"Alexander, Darsih";"Alexander, Darsih"
"Kusuma";"Selangit";"P";"Selangit, Kusuma";-100
"Mawar";"Ramah";"W";"Ramah, Mawar";-100
"Ardhi";"Juang";"P";"Juang, Ardhi";-100
"Kristina";"Santana";"W";"Santana, Kristina";-100
"Aris";"Setiawan";"P";"Setiawan, Aris";-100
"Duma";"Pekerti";"W";"Pekerti, Duma";-100
"Mawar";"Mada";"W";"Mada, Mawar";-100
"Mariani";"Terang";"W";"Terang, Mariani";-100
"Ihsan";"Santana";"P";"Santana, Ihsan";-100
"Mulyo";"Setiawan";"P";"Setiawan, Mulyo";-100
"Desita";"Santana";"W";"Santana, Desita";-100
"Mawar";"Santana";"W";"Santana, Mawar";-100
"Desita";"Damai";"W";"Damai, Desita";"Damai, Desita"
"Hari";"Juang";"P";"Juang, Hari";"Juang, Hari"
"Darsih";"Sejahtera";"W";"Sejahtera, Darsih";-100
"Kristina";"Widya";"W";"Widya, Kristina";"Widya, Kristina"
"Eriq";"Juang";"P";"Juang, Eriq";"Juang, Eriq"
"Ayu";"Widya";"W";"Widya, Ayu";-100
"Lastri";"Selangit";"W";"Selangit, Lastri";-100
"Bulan";"Dewangga";"W";"Dewangga, Bulan";-100
"Kusuma";"Damai";"P";"Damai, Kusuma";"Damai, Kusuma"
"Kusuma";"Jagat";"P";"Jagat, Kusuma";"Jagat, Kusuma"
"Bintang";"Maven";"W";"Maven, Bintang";-100
"Darman";"Siberut";"P";"Siberut, Darman";"Siberut, Darman"
"Ferry";"Mada";"P";"Mada, Ferry";"Mada, Ferry"
"Ahmad";"Mardi";"P";"Mardi, Ahmad";-100
"Jaka";"Rukun";"P";"Rukun, Jaka";-100
"Galang";"Setiawan";"P";"Setiawan, Galang";"Setiawan, Galang"
"Intan";"Mardi";"W";"Mardi, Intan";"Mardi, Intan"
"Mawar";"Terang";"W";"Terang, Mawar";-100
"Mawar";"Mardi";"W";"Mardi, Mawar";"Mardi, Mawar"
"Niken";"Tenteram";"W";"Tenteram, Niken";-100
"Kristina";"Jagat";"W";"Jagat, Kristina";-100
"Duma";"Sejahtera";"W";"Sejahtera, Duma";"Sejahtera, Duma"
"Harum";"Rukun";"W";"Rukun, Harum";-100
"Galang";"Santana";"P";"Santana, Galang";"Santana, Galang"
"Eria";"Selangit";"W";"Selangit, Eria";-100
"Eria";"Mardi";"W";"Mardi, Eria";-100
"Indah";"Dominik";"W";"Dominik, Indah";-100
"Ardhi";"Indrawan";"P";"Indrawan, Ardhi";-100
"Erni";"Pekerti";"W";"Pekerti, Erni";-100
"Mega";"Margo";"W";"Margo, Mega";-100
"Ika";"Angkasa";"W";"Angkasa, Ika";-100
"Duma";"Mada";"W";"Mada, Duma";-100
"Aris";"Ramah";"P";"Ramah, Aris";"Ramah, Aris"
"Mulyo";"Rukun";"P";"Rukun, Mulyo";"Rukun, Mulyo"
"Desita";"Juang";"W";"Juang, Desita";"Juang, Desita"
"Fanny";"Selangit";"W";"Selangit, Fanny";-100
"Rasti";"Dewangga";"W";"Dewangga, Rasti";"Dewangga, Rasti"
"Jefrie";"Santana";"P";"Santana, Jefrie";"Santana, Jefrie"
"Lanny";"Widya";"W";"Widya, Lanny";-100
"Ayu";"Alexander";"W";"Alexander, Ayu";-100
"Mega";"Mardi";"W";"Mardi, Mega";-100
"Eriq";"Siberut";"P";"Siberut, Eriq";"Siberut, Eriq"
"Fanny";"Tenteram";"W";"Tenteram, Fanny";"Tenteram, Fanny"
"Desita";"Ramah";"W";"Ramah, Desita";-100
"Mariani";"Mada";"W";"Mada, Mariani";-100
"Fanny";"Selangit";"W";"Selangit, Fanny";"Selangit, Fanny"
"Agus";"Indrawan";"P";"Indrawan, Agus";-100
"Lanny";"Angkasa";"W";"Angkasa, Lanny";"Angkasa, Lanny"
"Agustina";"Maven";"W";"Maven, Agustina";-100
"Bulan";"Menawan";"W";"Menawan, Bulan";-100
"Kusuma";"Dewangga";"P";"Dewangga, Kusuma";-100
"Cahya";"Margo";"W";"Margo, Cahya";"Margo, Cahya"
"Natali";"Widya";"W";"Widya, Natali";"Widya, Natali"
"Cahya";"Mada";"W";"Mada, Cahya";"Mada, Cahya"
"Ayu";"Margo";"W";"Margo, Ayu";-100
"Harum";"Dewangga";"W";"Dewangga, Harum";-100
"Erna";"Maven";"W";"Maven, Erna";-100
"Eria";"Selangit";"W";"Selangit, Eria";"Selangit, Eria"
"Mariani";"Margo";"W";"Margo, Mariani";"Margo, Mariani"
"Hari";"Dominik";"P";"Dominik, Hari";"Dominik, Hari"
"Ardhi";"Rukun";"P";"Rukun, Ardhi";"Rukun, Ardhi"
"Kairo";"Tenteram";"P";"Tenteram, Kairo";-100
"Aris";"Menawan";"P";"Menawan, Aris";"Menawan, Aris"
"Jefrie";"Rukun";"P";"Rukun, Jefrie";"Rukun, Jefrie"
"Kairo";"Maven";"P";"Maven, Kairo";-100
"Mulia";"Maven";"P";"Maven, Mulia";-100
"Hari";"Sejahtera";"P";"Sejahtera, Hari";-100
"Gita";"Alexander";"W";"Alexander, Gita";-100
"Ayu";"Rukun";"W";"Rukun, Ayu";"Rukun, Ayu"
"Kristina";"Dominik";"W";"Dominik, Kristina";-100
"Budi";"Selangit";"P";"Selangit, Budi";-100
"Niken";"Dewangga";"W";"Dewangga, Niken";-100
"Agus";"Rukun";"P";"Rukun, Agus";-100
"Erna";"Alexander";"W";"Alexander, Erna";"Alexander, Erna"
"Budiman";"Terang";"P";"Terang, Budiman";-100
"Ahmad";"Mada";"P";"Mada, Ahmad";-100
"Mulia";"Tenteram";"P";"Tenteram, Mulia";-100
"Ihsan";"Widya";"P";"Widya, Ihsan";"Widya, Ihsan"
"Ahmad";"Damai";"P";"Damai, Ahmad";"Damai, Ahmad"
"Erna";"Menawan";"W";"Menawan, Erna";-100
"Bulan";"Mada";"W";"Mada, Bulan";"Mada, Bulan"
"Erni";"Juang";"W";"Juang, Erni";-100
"Cahyono";"Margo";"P";"Margo, Cahyono";-100
"Bulan";"Dewangga";"W";"Dewangga, Bulan";"Dewangga, Bulan"
"Hardi";"Dominik";"P";"Dominik, Hardi";-100
"Bintang";"Tenteram";"W";"Tenteram, Bintang";-100
"Mega";"Rukun";"W";"Rukun, Mega";-100
"Kristina";"Sejahtera";"W";"Sejahtera, Kristina";"Sejahtera, Kristina"
"Eria";"Rukun";"W";"Rukun, Eria";-100
"Mega";"Margo";"W";"Margo, Mega";"Margo, Mega"
"Agung";"Terang";"P";"Terang, Agung";"Terang, Agung"
"Ahmad";"Sejahtera";"P";"Sejahtera, Ahmad";-100
"Kristina";"Dewangga";"W";"Dewangga, Kristina";-100
"Mulyo";"Dewangga";"P";"Dewangga, Mulyo";"Dewangga, Mulyo"
"Eria";"Dewangga";"W";"Dewangga, Eria";"Dewangga, Eria"
"Eria";"Mada";"W";"Mada, Eria";-100
"Intan";"Angkasa";"W";"Angkasa, Intan";"Angkasa, Intan"
"Irwandi";"Dewangga";"P";"Dewangga, Irwandi";-100
"Duma";"Maven";"W";"Maven, Duma";"Maven, Duma"
"Cahya";"Indrawan";"W";"Indrawan, Cahya";"Indrawan, Cahya"
"Desita";"Terang";"W";"Terang, Desita";-100
"Ayu";"Margo";"W";"Margo, Ayu";"Margo, Ayu"
"Dario";"Ramah";"P";"Ramah, Dario";"Ramah, Dario"
"Lastri";"Widya";"W";"Widya, Lastri";-100
"Ahmad";"Jagat";"P";"Jagat, Ahmad";-100
"Ferry";"Angkasa";"P";"Angkasa, Ferry";-100
"Agustina";"Widya";"W";"Widya, Agustina";-100
"Ferry";"Angkasa";"P";"Angkasa, Ferry";"Angkasa, Ferry"
"Lastri";"Maven";"W";"Maven, Lastri";-100
"Budiwati";"Setiawan";"W";"Setiawan, Budiwati";-100
"Mega";"Jagat";"W";"Jagat, Mega";"Jagat, Mega"
"Agung";"Selangit";"P";"Selangit, Agung";-100
"Ferdy";"Siberut";"P";"Siberut, Ferdy";-100
"Mulia";"Siberut";"P";"Siberut, Mulia";"Siberut, Mulia"
"Jaka";"Angkasa";"P";"Angkasa, Jaka";-100
"Desita";"Mardi";"W";"Mardi, Desita";-100
"Harum";"Setiawan";"W";"Setiawan, Harum";"Setiawan, Harum"
"Desita";"Damai";"W";"Damai, Desita";"Damai, Desita"
"Hardi";"Mada";"P";"Mada, Hardi";-100
"Erna";"Widya";"W";"Widya, Erna";-100
"Kairo";"Mardi";"P";"Mardi, Kairo";"Mardi, Kairo"
"Irwandi";"Dewangga";"P";"Dewangga, Irwandi";"Dewangga, Irwandi"
"Bintang";"Dominik";"W";"Dominik, Bintang";-100
"Hardi";"Terang";"P";"Terang, Hardi";"Terang, Hardi"
"Lastri";"Jagat";"W";"Jagat, Lastri";-100
"Ben";"Indrawan";"P";"Indrawan, Ben";-100
"Ayu";"Santana";"W";"Santana, Ayu";-100
"Ferry";"Damai";"P";"Damai, Ferry";"Damai, Ferry"
"Ferry";"Damai";"P";"Damai, Ferry";"Damai, Ferry"
"Mulyo";"Sejahtera";"P";"Sejahtera, Mulyo";-100
"Cahyo";"Menawan";"P";"Menawan, Cahyo";-100
"Dario";"Ramah";"P";"Ramah, Dario";"Ramah, Dario"
"Hardi";"Rukun";"P";"Rukun, Hardi";-100
"Cahyo";"Rukun";"P";"Rukun, Cahyo";"Rukun, Cahyo"
"Budiman";"Rukun";"P";"Rukun, Budiman";-100
"Budiwati";"Maven";"W";"Maven, Budiwati";-100
"Dario";"Juang";"P";"Juang, Dario";-100
"Mulyo";"Mardi";"P";"Mardi, Mulyo";-100
"Dario";"Sejahtera";"P";"Sejahtera, Dario";-100
"Aris";"Siberut";"P";"Siberut, Aris";"Siberut, Aris"
"Cahya";"Ramah";"W";"Ramah, Cahya";"Ramah, Cahya"
"Bintang";"Dewangga";"W";"Dewangga, Bintang";-100
"Aris";"Terang";"P";"Terang, Aris";-100
"Mariani";"Margo";"W";"Margo, Mariani";"Margo, Mariani"
"Ardhi";"Margo";"P";"Margo, Ardhi";-100
"Hari";"Pekerti";"P";"Pekerti, Hari";-100
"Ahmad";"Terang";"P";"Terang, Ahmad";"Terang, Ahmad"
"Indah";"Ramah";"W";"Ramah, Indah";-100
"Bintang";"Indrawan";"W";"Indrawan, Bintang";"Indrawan, Bintang"
"Erni";"Selangit";"W";"Selangit, Erni";-100
"Ferdy";"Juang";"P";"Juang, Ferdy";-100
"Darman";"Pekerti";"P";"Pekerti, Darman";-100
"Sentosa";"Indrawan";"P";"Indrawan, Sentosa";"Indrawan, Sentosa"
"Erman";"Angkasa";"P";"Angkasa, Erman";-100
"Kristina";"Damai";"W";"Damai, Kristina";-100
"Mulyo";"Menawan";"P";"Menawan, Mulyo";-100
"Bulan";"Angkasa";"W";"Angkasa, Bulan";-100
"Ihsan";"Dominik";"P";"Dominik, Ihsan";-100
"Mawar";"Indrawan";"W";"Indrawan, Mawar";"Indrawan, Mawar"
"Darman";"Dominik";"P";"Dominik, Darman";"Dominik, Darman"
"Eria";"Juang";"W";"Juang, Eria";"Juang, Eria"
"Irwandi";"Damai";"P";"Damai, Irwandi";"Damai, Irwandi"
"Erni";"Siberut";"W";"Siberut, Erni";-100
"Aris";"Tenteram";"P";"Tenteram, Aris";"Tenteram, Aris"
"Hari";"Dominik";"P";"Dominik, Hari";"Dominik, Hari"
"Ardhi";"Alexander";"P";"Alexander, Ardhi";"Alexander, Ardhi"
"Cahyono";"Selangit";"P";"Selangit, Cahyono";-100
"Desita";"Mada";"W";"Mada, Desita";-100
"Ihsan";"Mada";"P";"Mada, Ihsan";"Mada, Ihsan"
"Eria";"Ramah";"W";"Ramah, Eria";-100
"Kusuma";"Menawan";"P";"Menawan, Kusuma";-100
"Indah";"Dewangga";"W";"Dewangga, Indah";"Dewangga, Indah"
"Duma";"Mada";"W";"Mada, Duma";"Mada, Duma"
"Ahmad";"Setiawan";"P";"Setiawan, Ahmad";"Setiawan, Ahmad"
"Jefrie";"Damai";"P";"Damai, Jefrie";"Damai, Jefrie"
"Intan";"Angkasa";"W";"Angkasa, Intan";"Angkasa, Intan"
"Erna";"Siberut";"W";"Siberut, Erna";-100
"Mariani";"Mardi";"W";"Mardi, Mariani";-100
"Indah";"Indrawan";"W";"Indrawan, Indah";-100
"Kusuma";"Santana";"P";"Santana, Kusuma";-100
"Aris";"Pekerti";"P";"Pekerti, Aris";-100
"Hari";"Jagat";"P";"Jagat, Hari";-100
"Danny";"Dewangga";"P";"Dewangga, Danny";-100
"Sentosa";"Ramah";"P";"Ramah, Sentosa";-100
"Ben";"Setiawan";"P";"Setiawan, Ben";-100
"Ayu";"Pekerti";"W";"Pekerti, Ayu";-100
"Mariani";"Siberut";"W";"Siberut, Mariani";-100
"Bintang";"Alexander";"W";"Alexander, Bintang";-100
"Cahyo";"Selangit";"P";"Selangit, Cahyo";-100
"Erman";"Mardi";"P";"Mardi, Erman";"Mardi, Erman"
"Ahmad";"Siberut";"P";"Siberut, Ahmad";-100
"Natali";"Menawan";"W";"Menawan, Natali";-100
"Darsih";"Pekerti";"W";"Pekerti, Darsih";-100
"Indah";"Widya";"W";"Widya, Indah";"Widya, Indah"
"Eriq";"Jagat";"P";"Jagat, Eriq";"Jagat, Eriq"
"Dario";"Alexander";"P";"Alexander, Dario";"Alexander, Dario"
"Dario";"Damai";"P";"Damai, Dario";"Damai, Dario"
"Ardhi";"Dewangga";"P";"Dewangga, Ardhi";-100
"Ferry";"Pekerti";"P";"Pekerti, Ferry";-100
"Intan";"Siberut";"W";"Siberut, Intan";-100
"Galang";"Dominik";"P";"Dominik, Galang";-100
"Duma";"Alexander";"W";"Alexander, Duma";-100
"Intan";"Setiawan";"W";"Setiawan, Intan";-100
"Intan";"Jagat";"W";"Jagat, Intan";-100
"Mawar";"Pekerti";"W";"Pekerti, Mawar";-100
"Sentosa";"Sejahtera";"P";"Sejahtera, Sentosa";-100
"Eriq";"Menawan";"P";"Menawan, Eriq";"Menawan, Eriq"
"Intan";"Margo";"W";"Margo, Intan";-100
"Erna";"Mardi";"W";"Mardi, Erna";"Mardi, Erna"
"Gita";"Tenteram";"W";"Tenteram, Gita";"Tenteram, Gita"
"Erna";"Maven";"W";"Maven, Erna";"Maven, Erna"
"Ihsan";"Mardi";"P";"Mardi, Ihsan";-100
"Irwandi";"Menawan";"P";"Menawan, Irwandi";-100
"Hardi";"Indrawan";"P";"Indrawan, Hardi";-100
"Ardhi";"Juang";"P";"Juang, Ardhi";"Juang, Ardhi"
"Ardhi";"Dominik";"P";"Dominik, Ardhi";"Dominik, Ardhi"
"Mawar";"Jagat";"W";"Jagat, Mawar";-100
"Budi";"Menawan";"P";"Menawan, Budi";"Menawan, Budi"
"Rasti";"Juang";"W";"Juang, Rasti";-100
"Natali";"Setiawan";"W";"Setiawan, Natali";-100
"Sentosa";"Dominik";"P";"Dominik, Sentosa";-100
"Ihsan";"Mada";"P";"Mada, Ihsan";"Mada, Ihsan"
"Ferry";"Juang";"P";"Juang, Ferry";-100
"Kairo";"Tenteram";"P";"Tenteram, Kairo";"Tenteram, Kairo"
"Darsih";"Rukun";"W";"Rukun, Darsih";-100
"Mulyo";"Maven";"P";"Maven, Mulyo";-100
"Fanny";"Terang";"W";"Terang, Fanny";-100
"Desita";"Santana";"W";"Santana, Desita";"Santana, Desita"
"Desita";"Dewangga";"W";"Dewangga, Desita";"Dewangga, Desita"
"Budi";"Mardi";"P";"Mardi, Budi";"Mardi, Budi"
"Darman";"Dewangga";"P";"Dewangga, Darman";"Dewangga, Darman"
"Erna";"Selangit";"W";"Selangit, Erna";"Selangit, Erna"
"Irwandi";"Pekerti";"P";"Pekerti, Irwandi";"Pekerti, Irwandi"
"Duma";"Dominik";"W";"Dominik, Duma";-100
"Kairo";"Ramah";"P";"Ramah, Kairo";-100
"Agus";"Ramah";"P";"Ramah, Agus";"Ramah, Agus"
"Mulyo";"Ramah";"P";"Ramah, Mulyo";"Ramah, Mulyo"
"Ferry";"Terang";"P";"Terang, Ferry";"Terang, Ferry"
"Budiwati";"Mada";"W";"Mada, Budiwati";"Mada, Budiwati"
"Harum";"Angkasa";"W";"Angkasa, Harum";-100
"Harum";"Angkasa";"W";"Angkasa, Harum";"Angkasa, Harum"
"Agustina";"Setiawan";"W";"Setiawan, Agustina";"Setiawan, Agustina"
"Irwandi";"Terang";"P";"Terang, Irwandi";-100
"Natali";"Menawan";"W";"Menawan, Natali";"Menawan, Natali"
"Lanny";"Jagat";"W";"Jagat, Lanny";-100
"Indah";"Damai";"W";"Damai, Indah";"Damai, Indah"
"Ihsan";"Dominik";"P";"Dominik, Ihsan";"Dominik, Ihsan"
"Aris";"Siberut";"P";"Siberut, Aris";"Siberut, Aris"
"Dario";"Jagat";"P";"Jagat, Dario";-100
"Intan";"Angkasa";"W";"Angkasa, Intan";"Angkasa, Intan"
"Bulan";"Indrawan";"W";"Indrawan, Bulan";-100
"Erman";"Selangit";"P";"Selangit, Erman";"Selangit, Erman"
"Kusuma";"Maven";"P";"Maven, Kusuma";-100
"Cahyono";"Setiawan";"P";"Setiawan, Cahyono";"Setiawan, Cahyono"
"Galang";"Tenteram";"P";"Tenteram, Galang";-100
"Lanny";"Santana";"W";"Santana, Lanny";"Santana, Lanny"
"Budiman";"Mardi";"P";"Mardi, Budiman";-100
"Ben";"Siberut";"P";"Siberut, Ben";"Siberut, Ben"
"Cahyo";"Widya";"P";"Widya, Cahyo";"Widya, Cahyo"
"Lanny";"Menawan";"W";"Menawan, Lanny";"Menawan, Lanny"
"Hardi";"Mada";"P";"Mada, Hardi";"Mada, Hardi"
"Lastri";"Tenteram";"W";"Tenteram, Lastri";-100
"Kristina";"Selangit";"W";"Selangit, Kristina";"Selangit, Kristina"
"Ardhi";"Setiawan";"P";"Setiawan, Ardhi";-100
"Gunawan";"Alexander";"P";"Alexander, Gunawan";-100
"Jaka";"Menawan";"P";"Menawan, Jaka";"Menawan, Jaka"
"Erni";"Mada";"W";"Mada, Erni";"Mada, Erni"
"Ben";"Ramah";"P";"Ramah, Ben";-100
"Budiwati";"Juang";"W";"Juang, Budiwati";"Juang, Budiwati"
"Ihsan";"Margo";"P";"Margo, Ihsan";-100
"Ihsan";"Terang";"P";"Terang, Ihsan";-100
"Ika";"Pekerti";"W";"Pekerti, Ika";-100
"Mulyo";"Jagat";"P";"Jagat, Mulyo";"Jagat, Mulyo"
"Cahya";"Indrawan";"W";"Indrawan, Cahya";"Indrawan, Cahya"
"Erman";"Margo";"P";"Margo, Erman";"Margo, Erman"
"Gita";"Pekerti";"W";"Pekerti, Gita";-100
"Irwandi";"Damai";"P";"Damai, Irwandi";"Damai, Irwandi"
"Duma";"Mada";"W";"Mada, Duma";"Mada, Duma"
"Cahyono";"Dominik";"P";"Dominik, Cahyono";-100
"Kusuma";"Alexander";"P";"Alexander, Kusuma";-100
"Ahmad";"Dewangga";"P";"Dewangga, Ahmad";"Dewangga, Ahmad"
"Aris";"Selangit";"P";"Selangit, Aris";"Selangit, Aris"
"Mega";"Terang";"W";"Terang, Mega";"Terang, Mega"
"Duma";"Santana";"W";"Santana, Duma";"Santana, Duma"
"Harum";"Dominik";"W";"Dominik, Harum";-100
"Erman";"Damai";"P";"Damai, Erman";-100
"Agung";"Pekerti";"P";"Pekerti, Agung";-100
"Gita";"Jagat";"W";"Jagat, Gita";-100
"Bulan";"Selangit";"W";"Selangit, Bulan";-100
"Erni";"Santana";"W";"Santana, Erni";-100
"Lanny";"Menawan";"W";"Menawan, Lanny";"Menawan, Lanny"
"Bintang";"Mardi";"W";"Mardi, Bintang";-100
"Kairo";"Maven";"P";"Maven, Kairo";"Maven, Kairo"
"Mulia";"Rukun";"P";"Rukun, Mulia";"Rukun, Mulia"
"Budi";"Mardi";"P";"Mardi, Budi";"Mardi, Budi"
"Lestari";"Dewangga";"W";"Dewangga, Lestari";"Dewangga, Lestari"
"Rasti";"Maven";"W";"Maven, Rasti";-100
"Budi";"Tenteram";"P";"Tenteram, Budi";"Tenteram, Budi"
"Cahya";"Ramah";"W";"Ramah, Cahya";"Ramah, Cahya"
"Mega";"Margo";"W";"Margo, Mega";"Margo, Mega"
"Mega";"Damai";"W";"Damai, Mega";-100
"Ardhi";"Alexander";"P";"Alexander, Ardhi";"Alexander, Ardhi"
"Niken";"Widya";"W";"Widya, Niken";-100
"Ferdy";"Damai";"P";"Damai, Ferdy";"Damai, Ferdy"
"Natali";"Terang";"W";"Terang, Natali";"Terang, Natali"
"Fanny";"Mardi";"W";"Mardi, Fanny";-100
"Agus";"Dewangga";"P";"Dewangga, Agus";"Dewangga, Agus"
"Ahmad";"Indrawan";"P";"Indrawan, Ahmad";"Indrawan, Ahmad"
"Budiman";"Setiawan";"P";"Setiawan, Budiman";-100
"Niken";"Angkasa";"W";"Angkasa, Niken";"Angkasa, Niken"
"Galang";"Mardi";"P";"Mardi, Galang";"Mardi, Galang"
"Fanny";"Mada";"W";"Mada, Fanny";-100
"Cahya";"Margo";"W";"Margo, Cahya";"Margo, Cahya"
"Erna";"Pekerti";"W";"Pekerti, Erna";"Pekerti, Erna"
"Budi";"Maven";"P";"Maven, Budi";"Maven, Budi"
"Lanny";"Tenteram";"W";"Tenteram, Lanny";-100
"Lastri";"Tenteram";"W";"Tenteram, Lastri";"Tenteram, Lastri"
"Ardhi";"Dominik";"P";"Dominik, Ardhi";"Dominik, Ardhi"
"Budiwati";"Terang";"W";"Terang, Budiwati";-100
"Mulia";"Dewangga";"P";"Dewangga, Mulia";"Dewangga, Mulia"
"Sentosa";"Terang";"P";"Terang, Sentosa";-100
"Darsih";"Menawan";"W";"Menawan, Darsih";"Menawan, Darsih"
"Mawar";"Tenteram";"W";"Tenteram, Mawar";-100
"Ardhi";"Setiawan";"P";"Setiawan, Ardhi";"Setiawan, Ardhi"
"Mega";"Alexander";"W";"Alexander, Mega";-100
"Mulyo";"Widya";"P";"Widya, Mulyo";-100
"Gunawan";"Mada";"P";"Mada, Gunawan";-100
"Cahyono";"Menawan";"P";"Menawan, Cahyono";-100
"Dario";"Sejahtera";"P";"Sejahtera, Dario";"Sejahtera, Dario"
"Agung";"Margo";"P";"Margo, Agung";"Margo, Agung"
"Hari";"Margo";"P";"Margo, Hari";-100
"Irwandi";"Tenteram";"P";"Tenteram, Irwandi";-100
"Indah";"Angkasa";"W";"Angkasa, Indah";-100
"Kairo";"Damai";"P";"Damai, Kairo";"Damai, Kairo"
"Gunawan";"Mardi";"P";"Mardi, Gunawan";"Mardi, Gunawan"
"Fanny";"Dominik";"W";"Dominik, Fanny";"Dominik, Fanny"
"Hari";"Mada";"P";"Mada, Hari";-100
"Intan";"Dominik";"W";"Dominik, Intan";"Dominik, Intan"
"Darsih";"Terang";"W";"Terang, Darsih";"Terang, Darsih"
"Fanny";"Indrawan";"W";"Indrawan, Fanny";-100
"Gita";"Mada";"W";"Mada, Gita";-100
"Ayu";"Widya";"W";"Widya, Ayu";"Widya, Ayu"
"Intan";"Mardi";"W";"Mardi, Intan";"Mardi, Intan"
"Ayu";"Widya";"W";"Widya, Ayu";"Widya, Ayu"
"Eko";"Widya";"P";"Widya, Eko";-100
"Bulan";"Tenteram";"W";"Tenteram, Bulan";"Tenteram, Bulan"
"Gunawan";"Margo";"P";"Margo, Gunawan";-100
"Eria";"Sejahtera";"W";"Sejahtera, Eria";-100
"Erni";"Tenteram";"W";"Tenteram, Erni";"Tenteram, Erni"
"Fanny";"Ramah";"W";"Ramah, Fanny";-100
"Rasti";"Damai";"W";"Damai, Rasti";-100
"Erna";"Setiawan";"W";"Setiawan, Erna";"Setiawan, Erna"
"Mariani";"Tenteram";"W";"Tenteram, Mariani";-100
"Ayu";"Damai";"W";"Damai, Ayu";-100
"Galang";"Mada";"P";"Mada, Galang";-100
"Mulia";"Damai";"P";"Damai, Mulia";-100
"Erman";"Pekerti";"P";"Pekerti, Erman";-100
"Kusuma";"Maven";"P";"Maven, Kusuma";"Maven, Kusuma"
"Erna";"Alexander";"W";"Alexander, Erna";"Alexander, Erna"
"Eriq";"Santana";"P";"Santana, Eriq";-100
"Eriq";"Pekerti";"P";"Pekerti, Eriq";-100
"Niken";"Rukun";"W";"Rukun, Niken";-100
"Cahyono";"Dewangga";"P";"Dewangga, Cahyono";"Dewangga, Cahyono"
"Fanny";"Santana";"W";"Santana, Fanny";"Santana, Fanny"
"Indah";"Rukun";"W";"Rukun, Indah";-100
"Darsih";"Mardi";"W";"Mardi, Darsih";"Mardi, Darsih"
"Hardi";"Santana";"P";"Santana, Hardi";-100
"Cahya";"Maven";"W";"Maven, Cahya";"Maven, Cahya"
"Erni";"Dominik";"W";"Dominik, Erni";-100
"Budi";"Santana";"P";"Santana, Budi";-100
"Kristina";"Pekerti";"W";"Pekerti, Kristina";-100
"Erna";"Damai";"W";"Damai, Erna";-100
"Harum";"Rukun";"W";"Rukun, Harum";"Rukun, Harum"
"Agustina";"Indrawan";"W";"Indrawan, Agustina";-100
"Eriq";"Sejahtera";"P";"Sejahtera, Eriq";-100
"Niken";"Tenteram";"W";"Tenteram, Niken";"Tenteram, Niken"
"Kusuma";"Terang";"P";"Terang, Kusuma";"Terang, Kusuma"
"Darman";"Indrawan";"P";"Indrawan, Darman";-100
"Ahmad";"Juang";"P";"Juang, Ahmad";-100
"Fanny";"Rukun";"W";"Rukun, Fanny";"Rukun, Fanny"
"Jaka";"Indrawan";"P";"Indrawan, Jaka";"Indrawan, Jaka"
"Erman";"Dominik";"P";"Dominik, Erman";-100
"Irwandi";"Angkasa";"P";"Angkasa, Irwandi";-100
"Niken";"Rukun";"W";"Rukun, Niken";"Rukun, Niken"
"Galang";"Maven";"P";"Maven, Galang";-100
"Dario";"Indrawan";"P";"Indrawan, Dario";"Indrawan, Dario"
"Erman";"Juang";"P";"Juang, Erman";"Juang, Erman"
"Erna";"Mada";"W";"Mada, Erna";-100
"Galang";"Jagat";"P";"Jagat, Galang";-100
"Mulyo";"Setiawan";"P";"Setiawan, Mulyo";"Setiawan, Mulyo"
"Hari";"Mada";"P";"Mada, Hari";"Mada, Hari"
"Mulyo";"Rukun";"P";"Rukun, Mulyo";"Rukun, Mulyo"
"Intan";"Pekerti";"W";"Pekerti, Intan";-100
"Cahyono";"Mardi";"P";"Mardi, Cahyono";"Mardi, Cahyono"
"Fanny";"Terang";"W";"Terang, Fanny";"Terang, Fanny"
"Indah";"Terang";"W";"Terang, Indah";"Terang, Indah"
"Gunawan";"Menawan";"P";"Menawan, Gunawan";-100
"Lastri";"Tenteram";"W";"Tenteram, Lastri";"Tenteram, Lastri"
"Intan";"Selangit";"W";"Selangit, Intan";"Selangit, Intan"
"Rasti";"Sejahtera";"W";"Sejahtera, Rasti";"Sejahtera, Rasti"
"Desita";"Terang";"W";"Terang, Desita";"Terang, Desita"
"Mawar";"Maven";"W";"Maven, Mawar";-100
"Budiman";"Dewangga";"P";"Dewangga, Budiman";-100
"Kairo";"Menawan";"P";"Menawan, Kairo";-100
"Hari";"Juang";"P";"Juang, Hari";"Juang, Hari"
"Eriq";"Mardi";"P";"Mardi, Eriq";-100
"Niken";"Santana";"W";"Santana, Niken";-100
"Mega";"Widya";"W";"Widya, Mega";-100
"Mawar";"Juang";"W";"Juang, Mawar";-100
"Eria";"Mada";"W";"Mada, Eria";"Mada, Eria"
"Budi";"Pekerti";"P";"Pekerti, Budi";-100
"Ferdy";"Damai";"P";"Damai, Ferdy";"Damai, Ferdy"
"Kusuma";"Widya";"P";"Widya, Kusuma";"Widya, Kusuma"
"Desita";"Widya";"W";"Widya, Desita";-100
"Bintang";"Angkasa";"W";"Angkasa, Bintang";-100
"Ardhi";"Ramah";"P";"Ramah, Ardhi";"Ramah, Ardhi"
"Danny";"Dewangga";"P";"Dewangga, Danny";"Dewangga, Danny"
"Ardhi";"Jagat";"P";"Jagat, Ardhi";"Jagat, Ardhi"
"Kristina";"Alexander";"W";"Alexander, Kristina";"Alexander, Kristina"
"Lestari";"Damai";"W";"Damai, Lestari";-100
"Ihsan";"Widya";"P";"Widya, Ihsan";"Widya, Ihsan"
"Dario";"Siberut";"P";"Siberut, Dario";"Siberut, Dario"
"Indah";"Maven";"W";"Maven, Indah";"Maven, Indah"
"Mawar";"Maven";"W";"Maven, Mawar";"Maven, Mawar"
"Mulia";"Mardi";"P";"Mardi, Mulia";-100
"Ihsan";"Widya";"P";"Widya, Ihsan";"Widya, Ihsan"
"Agung";"Widya";"P";"Widya, Agung";-100
"Ardhi";"Dominik";"P";"Dominik, Ardhi";"Dominik, Ardhi"
"Harum";"Sejahtera";"W";"Sejahtera, Harum";"Sejahtera, Harum"
"Jefrie";"Tenteram";"P";"Tenteram, Jefrie";-100
"Lestari";"Terang";"W";"Terang, Lestari";"Terang, Lestari"
"Fanny";"Maven";"W";"Maven, Fanny";"Maven, Fanny"
"Lastri";"Ramah";"W";"Ramah, Lastri";-100
"Bintang";"Rukun";"W";"Rukun, Bintang";-100
"Agus";"Setiawan";"P";"Setiawan, Agus";"Setiawan, Agus"
"Budiwati";"Terang";"W";"Terang, Budiwati";"Terang, Budiwati"
"Erni";"Dewangga";"W";"Dewangga, Erni";-100
"Eriq";"Maven";"P";"Maven, Eriq";-100
"Agung";"Pekerti";"P";"Pekerti, Agung";"Pekerti, Agung"
"Cahyono";"Ramah";"P";"Ramah, Cahyono";"Ramah, Cahyono"
"Lestari";"Mada";"W";"Mada, Lestari";-100
"Ferdy";"Ramah";"P";"Ramah, Ferdy";-100
"Natali";"Dominik";"W";"Dominik, Natali";-100
"Jefrie";"Selangit";"P";"Selangit, Jefrie";"Selangit, Jefrie"
"Mulyo";"Damai";"P";"Damai, Mulyo";"Damai, Mulyo"
"Mariani";"Dominik";"W";"Dominik, Mariani";-100
"Indah";"Menawan";"W";"Menawan, Indah";-100
"Kristina";"Selangit";"W";"Selangit, Kristina";"Selangit, Kristina"
"Lastri";"Maven";"W";"Maven, Lastri";"Maven, Lastri"
"Aris";"Alexander";"P";"Alexander, Aris";"Alexander, Aris"
"Ardhi";"Mada";"P";"Mada, Ardhi";-100
"Agung";"Santana";"P";"Santana, Agung";-100
"Natali";"Ramah";"W";"Ramah, Natali";-100
"Duma";"Selangit";"W";"Selangit, Duma";"Selangit, Duma"
"Ferry";"Siberut";"P";"Siberut, Ferry";-100
"Mariani";"Selangit";"W";"Selangit, Mariani";"Selangit, Mariani"
"Ferry";"Jagat";"P";"Jagat, Ferry";"Jagat, Ferry"
"Eria";"Mardi";"W";"Mardi, Eria";"Mardi, Eria"
"Ben";"Juang";"P";"Juang, Ben";"Juang, Ben"
"Cahyo";"Juang";"P";"Juang, Cahyo";"Juang, Cahyo"
"Duma";"Ramah";"W";"Ramah, Duma";"Ramah, Duma"
"Cahya";"Damai";"W";"Damai, Cahya";-100
"Indah";"Tenteram";"W";"Tenteram, Indah";"Tenteram, Indah"
"Mulyo";"Menawan";"P";"Menawan, Mulyo";"Menawan, Mulyo"
"Mega";"Juang";"W";"Juang, Mega";-100
"Mariani";"Ramah";"W";"Ramah, Mariani";-100
"Bulan";"Mada";"W";"Mada, Bulan";"Mada, Bulan"
"Irwandi";"Santana";"P";"Santana, Irwandi";-100
"Cahyono";"Menawan";"P";"Menawan, Cahyono";"Menawan, Cahyono"
"Kristina";"Terang";"W";"Terang, Kristina";-100
"Kusuma";"Santana";"P";"Santana, Kusuma";"Santana, Kusuma"
"Mulia";"Widya";"P";"Widya, Mulia";-100
"Danny";"Dominik";"P";"Dominik, Danny";-100
"Rasti";"Siberut";"W";"Siberut, Rasti";-100
"Mawar";"Tenteram";"W";"Tenteram, Mawar";"Tenteram, Mawar"
"Kairo";"Siberut";"P";"Siberut, Kairo";"Siberut, Kairo"
"Ayu";"Damai";"W";"Damai, Ayu";"Damai, Ayu"
"Eriq";"Indrawan";"P";"Indrawan, Eriq";-100
"Ahmad";"Terang";"P";"Terang, Ahmad";"Terang, Ahmad"
"Eriq";"Juang";"P";"Juang, Eriq";"Juang, Eriq"
"Darman";"Mardi";"P";"Mardi, Darman";-100
"Duma";"Setiawan";"W";"Setiawan, Duma";-100
"Hardi";"Pekerti";"P";"Pekerti, Hardi";-100
"Budiman";"Angkasa";"P";"Angkasa, Budiman";-100
"Mawar";"Mada";"W";"Mada, Mawar";"Mada, Mawar"
"Agus";"Angkasa";"P";"Angkasa, Agus";-100
"Harum";"Angkasa";"W";"Angkasa, Harum";"Angkasa, Harum"
"Rasti";"Siberut";"W";"Siberut, Rasti";"Siberut, Rasti"
"Dario";"Terang";"P";"Terang, Dario";-100
"Erni";"Rukun";"W";"Rukun, Erni";-100
"Hardi";"Angkasa";"P";"Angkasa, Hardi";"Angkasa, Hardi"
"Rasti";"Mardi";"W";"Mardi, Rasti";-100
"Aris";"Menawan";"P";"Menawan, Aris";"Menawan, Aris"
"Lanny";"Juang";"W";"Juang, Lanny";-100
"Cahyo";"Jagat";"P";"Jagat, Cahyo";"Jagat, Cahyo"
"Agustina";"Pekerti";"W";"Pekerti, Agustina";-100
"Aris";"Santana";"P";"Santana, Aris";-100
"Erna";"Margo";"W";"Margo, Erna";"Margo, Erna"
"Rasti";"Widya";"W";"Widya, Rasti";"Widya, Rasti"
"Kairo";"Ramah";"P";"Ramah, Kairo";"Ramah, Kairo"
"Agung";"Menawan";"P";"Menawan, Agung";-100
"Hari";"Tenteram";"P";"Tenteram, Hari";-100
"Mulyo";"Menawan";"P";"Menawan, Mulyo";"Menawan, Mulyo"
"Bulan";"Widya";"W";"Widya, Bulan";-100
"Dario";"Ramah";"P";"Ramah, Dario";"Ramah, Dario"
"Mulia";"Sejahtera";"P";"Sejahtera, Mulia";-100
"Sentosa";"Setiawan";"P";"Setiawan, Sentosa";-100
"Lestari";"Alexander";"W";"Alexander, Lestari";-100
"Kusuma";"Margo";"P";"Margo, Kusuma";-100
"Lastri";"Santana";"W";"Santana, Lastri";"Santana, Lastri"
"Irwandi";"Rukun";"P";"Rukun, Irwandi";"Rukun, Irwandi"
"Ahmad";"Ramah";"P";"Ramah, Ahmad";-100
"Indah";"Jagat";"W";"Jagat, Indah";"Jagat, Indah"
"Hardi";"Menawan";"P";"Menawan, Hardi";"Menawan, Hardi"
"Sentosa";"Mada";"P";"Mada, Sentosa";-100
"Budi";"Menawan";"P";"Menawan, Budi";"Menawan, Budi"
"Ferdy";"Mardi";"P";"Mardi, Ferdy";-100
"Jefrie";"Margo";"P";"Margo, Jefrie";-100
"Mega";"Tenteram";"W";"Tenteram, Mega";-100
"Lestari";"Angkasa";"W";"Angkasa, Lestari";-100
"Irwandi";"Selangit";"P";"Selangit, Irwandi";-100
"Intan";"Angkasa";"W";"Angkasa, Intan";"Angkasa, Intan"
"Jaka";"Santana";"P";"Santana, Jaka";"Santana, Jaka"
"Jefrie";"Indrawan";"P";"Indrawan, Jefrie";"Indrawan, Jefrie"
"Eriq";"Maven";"P";"Maven, Eriq";"Maven, Eriq"
"Hari";"Siberut";"P";"Siberut, Hari";-100
"Bulan";"Alexander";"W";"Alexander, Bulan";-100
"Ahmad";"Santana";"P";"Santana, Ahmad";-100
"Dario";"Mardi";"P";"Mardi, Dario";-100
"Ika";"Dewangga";"W";"Dewangga, Ika";-100
"Erna";"Damai";"W";"Damai, Erna";"Damai, Erna"
"Fanny";"Widya";"W";"Widya, Fanny";-100
"Mulyo";"Rukun";"P";"Rukun, Mulyo";"Rukun, Mulyo"
"Indah";"Alexander";"W";"Alexander, Indah";-100
"Jaka";"Juang";"P";"Juang, Jaka";"Juang, Jaka"
"Mawar";"Siberut";"W";"Siberut, Mawar";-100
"Gita";"Dominik";"W";"Dominik, Gita";"Dominik, Gita"
"Kristina";"Pekerti";"W";"Pekerti, Kristina";"Pekerti, Kristina"
"Kusuma";"Siberut";"P";"Siberut, Kusuma";"Siberut, Kusuma"
"Galang";"Alexander";"P";"Alexander, Galang";"Alexander, Galang"
"Lanny";"Siberut";"W";"Siberut, Lanny";-100
"Darman";"Mardi";"P";"Mardi, Darman";"Mardi, Darman"
"Eriq";"Siberut";"P";"Siberut, Eriq";"Siberut, Eriq"
"Ben";"Maven";"P";"Maven, Ben";"Maven, Ben"
"Natali";"Damai";"W";"Damai, Natali";-100
"Niken";"Jagat";"W";"Jagat, Niken";"Jagat, Niken"
"Danny";"Mada";"P";"Mada, Danny";-100
"Cahyo";"Santana";"P";"Santana, Cahyo";-100
"Eriq";"Santana";"P";"Santana, Eriq";"Santana, Eriq"
"Erman";"Mada";"P";"Mada, Erman";-100
"Lestari";"Selangit";"W";"Selangit, Lestari";-100
"Ferdy";"Jagat";"P";"Jagat, Ferdy";-100
"Gita";"Dominik";"W";"Dominik, Gita";"Dominik, Gita"
"Aris";"Maven";"P";"Maven, Aris";-100
"Budiwati";"Widya";"W";"Widya, Budiwati";-100
"Eriq";"Indrawan";"P";"Indrawan, Eriq";"Indrawan, Eriq"
"Galang";"Santana";"P";"Santana, Galang";"Santana, Galang"
"Ayu";"Dominik";"W";"Dominik, Ayu";-100
"Fanny";"Santana";"W";"Santana, Fanny";"Santana, Fanny"
"Ihsan";"Terang";"P";"Terang, Ihsan";"Terang, Ihsan"
"Ardhi";"Siberut";"P";"Siberut, Ardhi";-100
"Niken";"Angkasa";"W";"Angkasa, Niken";"Angkasa, Niken"
"Kusuma";"Pekerti";"P";"Pekerti, Kusuma";"Pekerti, Kusuma"
"Duma";"Pekerti";"W";"Pekerti, Duma";"Pekerti, Duma"
"Lastri";"Rukun";"W";"Rukun, Lastri";"Rukun, Lastri"
"Ayu";"Setiawan";"W";"Setiawan, Ayu";-100
"Lestari";"Terang";"W";"Terang, Lestari";"Terang, Lestari"
"Eriq";"Dominik";"P";"Dominik, Eriq";-100
"Ardhi";"Siberut";"P";"Siberut, Ardhi";"Siberut, Ardhi"
"Galang";"Menawan";"P";"Menawan, Galang";"Menawan, Galang"
"Danny";"Dewangga";"P";"Dewangga, Danny";"Dewangga, Danny"
"Agustina";"Dominik";"W";"Dominik, Agustina";"Dominik, Agustina"
"Ihsan";"Indrawan";"P";"Indrawan, Ihsan";"Indrawan, Ihsan"
"Mariani";"Rukun";"W";"Rukun, Mariani";-100
"Ferdy";"Widya";"P";"Widya, Ferdy";"Widya, Ferdy"
"Hardi";"Setiawan";"P";"Setiawan, Hardi";-100
"Niken";"Sejahtera";"W";"Sejahtera, Niken";"Sejahtera, Niken"
"Rasti";"Dominik";"W";"Dominik, Rasti";-100
"Budiwati";"Terang";"W";"Terang, Budiwati";"Terang, Budiwati"
"Budi";"Ramah";"P";"Ramah, Budi";"Ramah, Budi"
"Hardi";"Sejahtera";"P";"Sejahtera, Hardi";-100
"Gunawan";"Siberut";"P";"Siberut, Gunawan";-100
"Eriq";"Alexander";"P";"Alexander, Eriq";-100
"Hardi";"Rukun";"P";"Rukun, Hardi";"Rukun, Hardi"
"Budiman";"Mada";"P";"Mada, Budiman";"Mada, Budiman"
"Mawar";"Rukun";"W";"Rukun, Mawar";"Rukun, Mawar"
"Duma";"Indrawan";"W";"Indrawan, Duma";"Indrawan, Duma"
"Eko";"Maven";"P";"Maven, Eko";-100
"Ben";"Maven";"P";"Maven, Ben";"Maven, Ben"
"Eko";"Margo";"P";"Margo, Eko";-100
"Lastri";"Widya";"W";"Widya, Lastri";"Widya, Lastri"
"Bulan";"Margo";"W";"Margo, Bulan";-100
"Eriq";"Ramah";"P";"Ramah, Eriq";-100
"Cahyo";"Damai";"P";"Damai, Cahyo";"Damai, Cahyo"
"Agus";"Terang";"P";"Terang, Agus";-100
"Eko";"Jagat";"P";"Jagat, Eko";-100
"Sentosa";"Mardi";"P";"Mardi, Sentosa";"Mardi, Sentosa"
"Indah";"Dominik";"W";"Dominik, Indah";"Dominik, Indah"
"Fanny";"Tenteram";"W";"Tenteram, Fanny";"Tenteram, Fanny"
"Hari";"Indrawan";"P";"Indrawan, Hari";-100
"Gita";"Mada";"W";"Mada, Gita";"Mada, Gita"
"Kusuma";"Siberut";"P";"Siberut, Kusuma";"Siberut, Kusuma"
"Agus";"Alexander";"P";"Alexander, Agus";"Alexander, Agus"
"Agung";"Dominik";"P";"Dominik, Agung";"Dominik, Agung"
"Desita";"Santana";"W";"Santana, Desita";"Santana, Desita"
"Hardi";"Maven";"P";"Maven, Hardi";-100
"Lestari";"Damai";"W";"Damai, Lestari";"Damai, Lestari"
"Rasti";"Ramah";"W";"Ramah, Rasti";-100
"Niken";"Indrawan";"W";"Indrawan, Niken";"Indrawan, Niken"
"Mariani";"Alexander";"W";"Alexander, Mariani";-100
"Mawar";"Maven";"W";"Maven, Mawar";"Maven, Mawar"
"Cahyono";"Menawan";"P";"Menawan, Cahyono";"Menawan, Cahyono"
"Ihsan";"Terang";"P";"Terang, Ihsan";"Terang, Ihsan"
"Ahmad";"Tenteram";"P";"Tenteram, Ahmad";"Tenteram, Ahmad"
"Ahmad";"Dewangga";"P";"Dewangga, Ahmad";"Dewangga, Ahmad"
"Cahya";"Maven";"W";"Maven, Cahya";"Maven, Cahya"
"Ferry";"Dewangga";"P";"Dewangga, Ferry";"Dewangga, Ferry"
"Kairo";"Angkasa";"P";"Angkasa, Kairo";-100
"Niken";"Terang";"W";"Terang, Niken";-100
"Intan";"Tenteram";"W";"Tenteram, Intan";-100
"Darman";"Margo";"P";"Margo, Darman";-100
"Ayu";"Setiawan";"W";"Setiawan, Ayu";"Setiawan, Ayu"
"Budiwati";"Setiawan";"W";"Setiawan, Budiwati";"Setiawan, Budiwati"
"Budi";"Damai";"P";"Damai, Budi";-100
"Kristina";"Angkasa";"W";"Angkasa, Kristina";"Angkasa, Kristina"
"Mariani";"Mada";"W";"Mada, Mariani";"Mada, Mariani"
"Galang";"Juang";"P";"Juang, Galang";-100
"Cahya";"Selangit";"W";"Selangit, Cahya";-100
"Budiwati";"Widya";"W";"Widya, Budiwati";"Widya, Budiwati"
"Erman";"Setiawan";"P";"Setiawan, Erman";-100
"Darman";"Tenteram";"P";"Tenteram, Darman";-100
"Kairo";"Angkasa";"P";"Angkasa, Kairo";"Angkasa, Kairo"
"Agustina";"Jagat";"W";"Jagat, Agustina";-100
"Eko";"Dewangga";"P";"Dewangga, Eko";-100
"Agung";"Maven";"P";"Maven, Agung";"Maven, Agung"
"Hardi";"Siberut";"P";"Siberut, Hardi";-100
"Ahmad";"Selangit";"P";"Selangit, Ahmad";"Selangit, Ahmad"
"Fanny";"Setiawan";"W";"Setiawan, Fanny";"Setiawan, Fanny"
"Irwandi";"Rukun";"P";"Rukun, Irwandi";"Rukun, Irwandi"
"Budiwati";"Indrawan";"W";"Indrawan, Budiwati";-100
"Ika";"Juang";"W";"Juang, Ika";"Juang, Ika"
"Budi";"Siberut";"P";"Siberut, Budi";-100
"Natali";"Damai";"W";"Damai, Natali";"Damai, Natali"
"Danny";"Mardi";"P";"Mardi, Danny";"Mardi, Danny"
"Indah";"Angkasa";"W";"Angkasa, Indah";"Angkasa, Indah"
"Duma";"Mada";"W";"Mada, Duma";"Mada, Duma"
"Jaka";"Rukun";"P";"Rukun, Jaka";"Rukun, Jaka"
"Niken";"Menawan";"W";"Menawan, Niken";-100
"Lestari";"Mardi";"W";"Mardi, Lestari";-100
"Ardhi";"Mardi";"P";"Mardi, Ardhi";-100
"Cahya";"Indrawan";"W";"Indrawan, Cahya";"Indrawan, Cahya"
"Gita";"Sejahtera";"W";"Sejahtera, Gita";-100
"Mawar";"Pekerti";"W";"Pekerti, Mawar";"Pekerti, Mawar"
"Cahya";"Sejahtera";"W";"Sejahtera, Cahya";-100
"Cahyono";"Selangit";"P";"Selangit, Cahyono";"Selangit, Cahyono"
"Sentosa";"Menawan";"P";"Menawan, Sentosa";-100
"Ardhi";"Dominik";"P";"Dominik, Ardhi";"Dominik, Ardhi"
"Intan";"Tenteram";"W";"Tenteram, Intan";"Tenteram, Intan"
"Budiman";"Santana";"P";"Santana, Budiman";-100
"Kairo";"Menawan";"P";"Menawan, Kairo";"Menawan, Kairo"
"Lastri";"Tenteram";"W";"Tenteram, Lastri";"Tenteram, Lastri"
"Cahya";"Juang";"W";"Juang, Cahya";-100
"Intan";"Tenteram";"W";"Tenteram, Intan";"Tenteram, Intan"
"Lanny";"Dominik";"W";"Dominik, Lanny";-100
"Budiman";"Mardi";"P";"Mardi, Budiman";"Mardi, Budiman"
"Ahmad";"Angkasa";"P";"Angkasa, Ahmad";-100
"Kusuma";"Siberut";"P";"Siberut, Kusuma";"Siberut, Kusuma"
"Ferdy";"Margo";"P";"Margo, Ferdy";-100
"Mulia";"Pekerti";"P";"Pekerti, Mulia";"Pekerti, Mulia"
"Jefrie";"Siberut";"P";"Siberut, Jefrie";"Siberut, Jefrie"
"Niken";"Jagat";"W";"Jagat, Niken";"Jagat, Niken"
"Kristina";"Terang";"W";"Terang, Kristina";"Terang, Kristina"
"Cahyono";"Damai";"P";"Damai, Cahyono";-100
"Ardhi";"Dominik";"P";"Dominik, Ardhi";"Dominik, Ardhi"
"Gita";"Widya";"W";"Widya, Gita";-100
"Ferdy";"Dewangga";"P";"Dewangga, Ferdy";"Dewangga, Ferdy"
"Ardhi";"Dominik";"P";"Dominik, Ardhi";"Dominik, Ardhi"
"Eriq";"Rukun";"P";"Rukun, Eriq";"Rukun, Eriq"
"Mawar";"Pekerti";"W";"Pekerti, Mawar";"Pekerti, Mawar"
"Mega";"Dewangga";"W";"Dewangga, Mega";"Dewangga, Mega"
"Ahmad";"Mada";"P";"Mada, Ahmad";"Mada, Ahmad"
"Ferdy";"Alexander";"P";"Alexander, Ferdy";-100
"Sentosa";"Indrawan";"P";"Indrawan, Sentosa";"Indrawan, Sentosa"
"Rasti";"Mardi";"W";"Mardi, Rasti";"Mardi, Rasti"
"Mega";"Selangit";"W";"Selangit, Mega";"Selangit, Mega"
"Darsih";"Widya";"W";"Widya, Darsih";-100
"Agustina";"Rukun";"W";"Rukun, Agustina";"Rukun, Agustina"
"Cahyono";"Tenteram";"P";"Tenteram, Cahyono";-100
"Natali";"Sejahtera";"W";"Sejahtera, Natali";-100
"Aris";"Terang";"P";"Terang, Aris";"Terang, Aris"
"Erna";"Alexander";"W";"Alexander, Erna";"Alexander, Erna"
"Ika";"Dominik";"W";"Dominik, Ika";"Dominik, Ika"
"Harum";"Margo";"W";"Margo, Harum";-100
"Bulan";"Indrawan";"W";"Indrawan, Bulan";"Indrawan, Bulan"
"Ben";"Jagat";"P";"Jagat, Ben";-100
"Ahmad";"Alexander";"P";"Alexander, Ahmad";"Alexander, Ahmad"
"Ardhi";"Mada";"P";"Mada, Ardhi";"Mada, Ardhi"
"Hardi";"Widya";"P";"Widya, Hardi";-100
"Dario";"Maven";"P";"Maven, Dario";-100
"Lestari";"Widya";"W";"Widya, Lestari";-100
"Cahyono";"Siberut";"P";"Siberut, Cahyono";-100
"Budiwati";"Jagat";"W";"Jagat, Budiwati";"Jagat, Budiwati"
"Mulyo";"Mardi";"P";"Mardi, Mulyo";"Mardi, Mulyo"
"Hari";"Alexander";"P";"Alexander, Hari";"Alexander, Hari"
"Gunawan";"Dominik";"P";"Dominik, Gunawan";-100
"Budiwati";"Mada";"W";"Mada, Budiwati";"Mada, Budiwati"
"Darsih";"Rukun";"W";"Rukun, Darsih";"Rukun, Darsih"
"Jefrie";"Damai";"P";"Damai, Jefrie";"Damai, Jefrie"
"Agus";"Maven";"P";"Maven, Agus";-100
"Ika";"Margo";"W";"Margo, Ika";-100
"Erman";"Pekerti";"P";"Pekerti, Erman";"Pekerti, Erman"
"Ika";"Menawan";"W";"Menawan, Ika";"Menawan, Ika"
"Galang";"Widya";"P";"Widya, Galang";-100
"Darman";"Rukun";"P";"Rukun, Darman";-100
"Eko";"Maven";"P";"Maven, Eko";"Maven, Eko"
"Erni";"Jagat";"W";"Jagat, Erni";"Jagat, Erni"
"Ahmad";"Damai";"P";"Damai, Ahmad";"Damai, Ahmad"
"Ferry";"Terang";"P";"Terang, Ferry";"Terang, Ferry"
"Bintang";"Jagat";"W";"Jagat, Bintang";"Jagat, Bintang"
"Danny";"Sejahtera";"P";"Sejahtera, Danny";-100
"Cahyono";"Juang";"P";"Juang, Cahyono";"Juang, Cahyono"
"Niken";"Dominik";"W";"Dominik, Niken";"Dominik, Niken"
"Agustina";"Juang";"W";"Juang, Agustina";-100
"Lanny";"Indrawan";"W";"Indrawan, Lanny";-100
"Lanny";"Indrawan";"W";"Indrawan, Lanny";"Indrawan, Lanny"
"Mulyo";"Angkasa";"P";"Angkasa, Mulyo";-100
"Natali";"Siberut";"W";"Siberut, Natali";"Siberut, Natali"
"Darsih";"Menawan";"W";"Menawan, Darsih";"Menawan, Darsih"
"Darman";"Juang";"P";"Juang, Darman";-100
"Hardi";"Rukun";"P";"Rukun, Hardi";"Rukun, Hardi"
"Bintang";"Santana";"W";"Santana, Bintang";-100
"Danny";"Dominik";"P";"Dominik, Danny";"Dominik, Danny"
"Agustina";"Margo";"W";"Margo, Agustina";-100
"Cahya";"Terang";"W";"Terang, Cahya";"Terang, Cahya"
"Eriq";"Mada";"P";"Mada, Eriq";-100
"Budiwati";"Santana";"W";"Santana, Budiwati";-100
"Kairo";"Dominik";"P";"Dominik, Kairo";-100
"Intan";"Ramah";"W";"Ramah, Intan";-100
"Eko";"Maven";"P";"Maven, Eko";"Maven, Eko"
"Cahyono";"Setiawan";"P";"Setiawan, Cahyono";"Setiawan, Cahyono"
"Agung";"Mardi";"P";"Mardi, Agung";-100
"Agung";"Sejahtera";"P";"Sejahtera, Agung";"Sejahtera, Agung"
"Mulia";"Angkasa";"P";"Angkasa, Mulia";-100
"Cahyono";"Terang";"P";"Terang, Cahyono";-100
"Ben";"Terang";"P";"Terang, Ben";-100
"Desita";"Margo";"W";"Margo, Desita";-100