"kode_cabang";"kode_cabang";"nama_cabang";"kode_kota";"nama_kota";"alokasi_operator";"jumlah_mesin";"tgl_pendirian";"jarak_min_pendirian";"jarak_max_pendirian"
"CABANG-001";"001";"PHI Mini Market - Lhokseumawe 01";"KOTA-003";"Lhokseumawe";7;2;5. Dec. 1990;30;60
"CABANG-002";"002";"PHI Mini Market - Bau-Bau 01";"KOTA-083";"Bau-Bau";7;2;15. Jan. 1991;30;60
"CABANG-003";"003";"PHI Mini Market - Bogor 01";"KOTA-039";"Bogor";8;2;14. Feb. 1991;30;60
"CABANG-004";"004";"PHI Mini Market - Medan 01";"KOTA-007";"Medan";5;1;6. Apr. 1991;30;60
"CABANG-005";"005";"PHI Mini Market - Bogor 02";"KOTA-039";"Bogor";8;2;21. May. 1991;30;60
"CABANG-006";"006";"PHI Mini Market - Sukabumi 01";"KOTA-043";"Sukabumi";7;2;9. Jul. 1991;30;60
"CABANG-007";"007";"PHI Mini Market - Tegal 01";"KOTA-055";"Tegal";7;2;5. Sep. 1991;30;60
"CABANG-008";"008";"PHI Mini Market - Jakarta Timur 01";"KOTA-048";"Jakarta Timur";8;2;20. Oct. 1991;30;60
"CABANG-009";"009";"PHI Mini Market - Pasuruan 01";"KOTA-062";"Pasuruan";8;2;26. Nov. 1991;30;60
"CABANG-010";"010";"PHI Mini Market - Langsa 01";"KOTA-002";"Langsa";6;2;22. Jan. 1992;30;60
"CABANG-011";"011";"PHI Mini Market - Tarakan 01";"KOTA-078";"Tarakan";7;2;3. Mar. 1992;20;30
"CABANG-012";"012";"PHI Mini Market - Tebing Tinggi 01";"KOTA-012";"Tebing Tinggi";5;1;25. Mar. 1992;20;30
"CABANG-013";"013";"PHI Mini Market - Bekasi 01";"KOTA-038";"Bekasi";4;1;15. Apr. 1992;20;30
"CABANG-014";"014";"PHI Mini Market - Batu 01";"KOTA-056";"Batu";8;2;10. May. 1992;20;30
"CABANG-015";"015";"PHI Mini Market - Banjarmasin 01";"KOTA-073";"Banjarmasin";8;2;31. May. 1992;20;30
"CABANG-016";"016";"PHI Mini Market - Padang Panjang 01";"KOTA-019";"Padang Panjang";5;1;24. Jun. 1992;20;30
"CABANG-017";"017";"PHI Mini Market - Balikpapan 01";"KOTA-075";"Balikpapan";5;1;18. Jul. 1992;20;30
"CABANG-018";"018";"PHI Mini Market - Sukabumi 02";"KOTA-043";"Sukabumi";6;2;9. Aug. 1992;20;30
"CABANG-019";"019";"PHI Mini Market - Serang 01";"KOTA-035";"Serang";4;1;8. Sep. 1992;20;30
"CABANG-020";"020";"PHI Mini Market - Bontang 01";"KOTA-076";"Bontang";8;2;2. Oct. 1992;20;30
"CABANG-021";"021";"PHI Mini Market - Pasuruan 02";"KOTA-062";"Pasuruan";6;2;22. Oct. 1992;20;30
"CABANG-022";"022";"PHI Mini Market - Padang 01";"KOTA-018";"Padang";5;1;17. Nov. 1992;20;30
"CABANG-023";"023";"PHI Mini Market - Lubuklinggau 01";"KOTA-024";"Lubuklinggau";5;1;10. Dec. 1992;20;30
"CABANG-024";"024";"PHI Mini Market - Madiun 01";"KOTA-059";"Madiun";4;1;2. Jan. 1993;20;30
"CABANG-025";"025";"PHI Mini Market - Kupang 01";"KOTA-069";"Kupang";8;2;30. Jan. 1993;20;30
"CABANG-026";"026";"PHI Mini Market - Semarang 01";"KOTA-053";"Semarang";8;2;22. Feb. 1993;20;30
"CABANG-027";"027";"PHI Mini Market - Singkawang 01";"KOTA-071";"Singkawang";8;2;14. Mar. 1993;20;30
"CABANG-028";"028";"PHI Mini Market - Bengkulu 01";"KOTA-013";"Bengkulu";8;2;6. Apr. 1993;20;30
"CABANG-029";"029";"PHI Mini Market - Madiun 02";"KOTA-059";"Madiun";8;2;26. Apr. 1993;10;20
"CABANG-030";"030";"PHI Mini Market - Pekanbaru 01";"KOTA-016";"Pekanbaru";7;2;11. May. 1993;10;20
"CABANG-031";"031";"PHI Mini Market - Sawahlunto 01";"KOTA-022";"Sawahlunto";5;1;22. May. 1993;10;20
"CABANG-032";"032";"PHI Mini Market - Pangkal Pinang 01";"KOTA-030";"Pangkal Pinang";5;1;10. Jun. 1993;10;20
"CABANG-033";"033";"PHI Mini Market - Kupang 02";"KOTA-069";"Kupang";5;1;28. Jun. 1993;10;20
"CABANG-034";"034";"PHI Mini Market - Depok 01";"KOTA-042";"Depok";6;2;9. Jul. 1993;10;20
"CABANG-035";"035";"PHI Mini Market - Tanjung Balai 01";"KOTA-011";"Tanjung Balai";6;2;24. Jul. 1993;10;20
"CABANG-036";"036";"PHI Mini Market - Jambi 01";"KOTA-014";"Jambi";8;2;7. Aug. 1993;10;20
"CABANG-037";"037";"PHI Mini Market - Bontang 02";"KOTA-076";"Bontang";7;2;19. Aug. 1993;10;20
"CABANG-038";"038";"PHI Mini Market - Bogor 03";"KOTA-039";"Bogor";7;2;29. Aug. 1993;10;20
"CABANG-039";"039";"PHI Mini Market - Makassar 01";"KOTA-080";"Makassar";5;1;17. Sep. 1993;10;20
"CABANG-040";"040";"PHI Mini Market - Banjar 01";"KOTA-037";"Banjar";8;2;2. Oct. 1993;10;20
"CABANG-041";"041";"PHI Mini Market - Makassar 02";"KOTA-080";"Makassar";5;1;14. Oct. 1993;10;20
"CABANG-042";"042";"PHI Mini Market - Makassar 03";"KOTA-080";"Makassar";8;2;1. Nov. 1993;10;20
"CABANG-043";"043";"PHI Mini Market - Banjar 02";"KOTA-037";"Banjar";6;2;11. Nov. 1993;10;20
"CABANG-044";"044";"PHI Mini Market - Pasuruan 03";"KOTA-062";"Pasuruan";4;1;1. Dec. 1993;10;20
"CABANG-045";"045";"PHI Mini Market - Bitung 01";"KOTA-086";"Bitung";6;2;11. Dec. 1993;10;20
"CABANG-046";"046";"PHI Mini Market - Palembang 01";"KOTA-026";"Palembang";5;1;22. Dec. 1993;10;20
"CABANG-047";"047";"PHI Mini Market - Jakarta Pusat 01";"KOTA-046";"Jakarta Pusat";4;1;9. Jan. 1994;10;20
"CABANG-048";"048";"PHI Mini Market - Tanjung Pinang 01";"KOTA-032";"Tanjung Pinang";7;2;20. Jan. 1994;10;20
"CABANG-049";"049";"PHI Mini Market - Salatiga 01";"KOTA-052";"Salatiga";7;2;7. Feb. 1994;10;20
"CABANG-050";"050";"PHI Mini Market - Sukabumi 03";"KOTA-043";"Sukabumi";5;1;23. Feb. 1994;10;20
"CABANG-051";"051";"PHI Mini Market - Lubuklinggau 02";"KOTA-024";"Lubuklinggau";8;2;11. Mar. 1994;10;20
"CABANG-052";"052";"PHI Mini Market - Banjar 03";"KOTA-037";"Banjar";6;2;21. Mar. 1994;10;20
"CABANG-053";"053";"PHI Mini Market - Jakarta Timur 02";"KOTA-048";"Jakarta Timur";4;1;3. Apr. 1994;10;20
"CABANG-054";"054";"PHI Mini Market - Kupang 03";"KOTA-069";"Kupang";7;2;17. Apr. 1994;10;20
"CABANG-055";"055";"PHI Mini Market - Pangkal Pinang 02";"KOTA-030";"Pangkal Pinang";7;2;27. Apr. 1994;10;20
"CABANG-056";"056";"PHI Mini Market - Magelang 01";"KOTA-050";"Magelang";4;1;11. May. 1994;10;20
"CABANG-057";"057";"PHI Mini Market - Tangerang  01";"KOTA-034";"Tangerang ";8;2;24. May. 1994;10;20
"CABANG-058";"058";"PHI Mini Market - Manado 01";"KOTA-087";"Manado";4;1;8. Jun. 1994;10;20
"CABANG-059";"059";"PHI Mini Market - Pekanbaru 02";"KOTA-016";"Pekanbaru";4;1;18. Jun. 1994;10;20
"CABANG-060";"060";"PHI Mini Market - Balikpapan 02";"KOTA-075";"Balikpapan";4;1;7. Jul. 1994;10;20
"CABANG-061";"061";"PHI Mini Market - Bima 01";"KOTA-068";"Bima";6;2;26. Jul. 1994;10;20
"CABANG-062";"062";"PHI Mini Market - Dumai 01";"KOTA-015";"Dumai";6;2;6. Aug. 1994;10;20
"CABANG-063";"063";"PHI Mini Market - Pare-Pare 01";"KOTA-082";"Pare-Pare";4;1;22. Aug. 1994;10;20
"CABANG-064";"064";"PHI Mini Market - Payakumbuh 01";"KOTA-021";"Payakumbuh";8;2;11. Sep. 1994;10;20
"CABANG-065";"065";"PHI Mini Market - Surabaya 01";"KOTA-064";"Surabaya";6;2;22. Sep. 1994;10;20
"CABANG-066";"066";"PHI Mini Market - Banjar 04";"KOTA-037";"Banjar";5;1;3. Oct. 1994;10;20
"CABANG-067";"067";"PHI Mini Market - Pasuruan 04";"KOTA-062";"Pasuruan";6;2;20. Oct. 1994;10;20
"CABANG-068";"068";"PHI Mini Market - Cilegon 01";"KOTA-033";"Cilegon";6;2;31. Oct. 1994;10;20
"CABANG-069";"069";"PHI Mini Market - Tanjung Balai 02";"KOTA-011";"Tanjung Balai";8;2;17. Nov. 1994;10;20
"CABANG-070";"070";"PHI Mini Market - Banjarbaru 01";"KOTA-072";"Banjarbaru";4;1;7. Dec. 1994;10;20
"CABANG-071";"071";"PHI Mini Market - Pare-Pare 02";"KOTA-082";"Pare-Pare";5;1;26. Dec. 1994;10;20
"CABANG-072";"072";"PHI Mini Market - Batam 01";"KOTA-031";"Batam";8;2;12. Jan. 1995;10;20
"CABANG-073";"073";"PHI Mini Market - Pasuruan 05";"KOTA-062";"Pasuruan";4;1;27. Jan. 1995;10;20
"CABANG-074";"074";"PHI Mini Market - Balikpapan 03";"KOTA-075";"Balikpapan";6;2;11. Feb. 1995;10;20
"CABANG-075";"075";"PHI Mini Market - Surakarta 01";"KOTA-051";"Surakarta";8;2;3. Mar. 1995;10;20
"CABANG-076";"076";"PHI Mini Market - Blitar 01";"KOTA-057";"Blitar";4;1;21. Mar. 1995;10;20
"CABANG-077";"077";"PHI Mini Market - Denpasar 01";"KOTA-066";"Denpasar";7;2;6. Apr. 1995;10;20
"CABANG-078";"078";"PHI Mini Market - Tegal 02";"KOTA-055";"Tegal";6;2;24. Apr. 1995;10;20
"CABANG-079";"079";"PHI Mini Market - Pematangsiantar 01";"KOTA-009";"Pematangsiantar";8;2;6. May. 1995;10;20
"CABANG-080";"080";"PHI Mini Market - Mojokerto 01";"KOTA-061";"Mojokerto";7;2;16. May. 1995;10;20
"CABANG-081";"081";"PHI Mini Market - Tanjung Pinang 02";"KOTA-032";"Tanjung Pinang";7;2;27. May. 1995;10;20
"CABANG-082";"082";"PHI Mini Market - Surabaya 02";"KOTA-064";"Surabaya";7;2;12. Jun. 1995;10;20
"CABANG-083";"083";"PHI Mini Market - Jakarta Timur 03";"KOTA-048";"Jakarta Timur";6;2;29. Jun. 1995;10;20
"CABANG-084";"084";"PHI Mini Market - Tarakan 02";"KOTA-078";"Tarakan";6;2;16. Jul. 1995;10;20
"CABANG-085";"085";"PHI Mini Market - Tual 01";"KOTA-091";"Tual";5;1;26. Jul. 1995;10;20
"CABANG-086";"086";"PHI Mini Market - Bukittinggi 01";"KOTA-017";"Bukittinggi";6;2;12. Aug. 1995;10;20
"CABANG-087";"087";"PHI Mini Market - Cirebon 01";"KOTA-041";"Cirebon";7;2;31. Aug. 1995;10;20
"CABANG-088";"088";"PHI Mini Market - Kendari 01";"KOTA-084";"Kendari";5;1;10. Sep. 1995;10;20
"CABANG-089";"089";"PHI Mini Market - Singkawang 02";"KOTA-071";"Singkawang";8;2;26. Sep. 1995;10;20
"CABANG-090";"090";"PHI Mini Market - Madiun 03";"KOTA-059";"Madiun";7;2;6. Oct. 1995;10;20
"CABANG-091";"091";"PHI Mini Market - Blitar 02";"KOTA-057";"Blitar";8;2;24. Oct. 1995;10;20
"CABANG-092";"092";"PHI Mini Market - Padang Panjang 02";"KOTA-019";"Padang Panjang";6;2;12. Nov. 1995;10;20
"CABANG-093";"093";"PHI Mini Market - Sawahlunto 02";"KOTA-022";"Sawahlunto";8;2;29. Nov. 1995;10;20
"CABANG-094";"094";"PHI Mini Market - Ambon 01";"KOTA-090";"Ambon";7;2;11. Dec. 1995;10;15
"CABANG-095";"095";"PHI Mini Market - Ternate 01";"KOTA-092";"Ternate";7;2;23. Dec. 1995;10;15
"CABANG-096";"096";"PHI Mini Market - Jambi 02";"KOTA-014";"Jambi";5;1;5. Jan. 1996;10;15
"CABANG-097";"097";"PHI Mini Market - Sawahlunto 03";"KOTA-022";"Sawahlunto";6;2;19. Jan. 1996;10;15
"CABANG-098";"098";"PHI Mini Market - Depok 02";"KOTA-042";"Depok";7;2;3. Feb. 1996;10;15
"CABANG-099";"099";"PHI Mini Market - Tidore 01";"KOTA-093";"Tidore";5;1;15. Feb. 1996;10;15
"CABANG-100";"100";"PHI Mini Market - Banjarmasin 02";"KOTA-073";"Banjarmasin";6;2;28. Feb. 1996;10;15
"CABANG-101";"101";"PHI Mini Market - Ambon 02";"KOTA-090";"Ambon";6;2;11. Mar. 1996;10;15
"CABANG-102";"102";"PHI Mini Market - Tomohon 01";"KOTA-088";"Tomohon";7;2;24. Mar. 1996;10;15
"CABANG-103";"103";"PHI Mini Market - Pangkal Pinang 03";"KOTA-030";"Pangkal Pinang";7;2;4. Apr. 1996;10;15
"CABANG-104";"104";"PHI Mini Market - Padang Panjang 03";"KOTA-019";"Padang Panjang";4;1;16. Apr. 1996;10;15
"CABANG-105";"105";"PHI Mini Market - Bau-Bau 02";"KOTA-083";"Bau-Bau";4;1;26. Apr. 1996;10;15
"CABANG-106";"106";"PHI Mini Market - Bontang 03";"KOTA-076";"Bontang";7;2;6. May. 1996;10;15
"CABANG-107";"107";"PHI Mini Market - Mataram 01";"KOTA-067";"Mataram";7;2;19. May. 1996;10;15
"CABANG-108";"108";"PHI Mini Market - Bitung 02";"KOTA-086";"Bitung";6;2;31. May. 1996;10;15
"CABANG-109";"109";"PHI Mini Market - Pekanbaru 03";"KOTA-016";"Pekanbaru";7;2;14. Jun. 1996;10;15
"CABANG-110";"110";"PHI Mini Market - Sukabumi 04";"KOTA-043";"Sukabumi";8;2;29. Jun. 1996;10;15
"CABANG-111";"111";"PHI Mini Market - Tual 02";"KOTA-091";"Tual";6;2;10. Jul. 1996;10;15
"CABANG-112";"112";"PHI Mini Market - Solok 01";"KOTA-023";"Solok";8;2;25. Jul. 1996;10;15
"CABANG-113";"113";"PHI Mini Market - Medan 02";"KOTA-007";"Medan";4;1;7. Aug. 1996;10;15
"CABANG-114";"114";"PHI Mini Market - Malang 01";"KOTA-060";"Malang";4;1;22. Aug. 1996;10;15
"CABANG-115";"115";"PHI Mini Market - Palangka Raya 01";"KOTA-074";"Palangka Raya";4;1;2. Sep. 1996;10;15
"CABANG-116";"116";"PHI Mini Market - Cimahi 01";"KOTA-040";"Cimahi";4;1;14. Sep. 1996;10;15
"CABANG-117";"117";"PHI Mini Market - Payakumbuh 02";"KOTA-021";"Payakumbuh";4;1;27. Sep. 1996;10;15
"CABANG-118";"118";"PHI Mini Market - Sawahlunto 04";"KOTA-022";"Sawahlunto";5;1;7. Oct. 1996;10;15
"CABANG-119";"119";"PHI Mini Market - Bontang 04";"KOTA-076";"Bontang";4;1;19. Oct. 1996;10;15
"CABANG-120";"120";"PHI Mini Market - Cilegon 02";"KOTA-033";"Cilegon";7;2;31. Oct. 1996;10;15
"CABANG-121";"121";"PHI Mini Market - Padang 02";"KOTA-018";"Padang";7;2;11. Nov. 1996;10;15
"CABANG-122";"122";"PHI Mini Market - Padang Sidempuan 01";"KOTA-008";"Padang Sidempuan";8;2;24. Nov. 1996;10;15
"CABANG-123";"123";"PHI Mini Market - Tebing Tinggi 02";"KOTA-012";"Tebing Tinggi";7;2;4. Dec. 1996;10;15
"CABANG-124";"124";"PHI Mini Market - Serang 02";"KOTA-035";"Serang";6;2;16. Dec. 1996;10;15
"CABANG-125";"125";"PHI Mini Market - Serang 03";"KOTA-035";"Serang";5;1;29. Dec. 1996;10;15
"CABANG-126";"126";"PHI Mini Market - Bukittinggi 02";"KOTA-017";"Bukittinggi";8;2;8. Jan. 1997;10;15
"CABANG-127";"127";"PHI Mini Market - Samarinda 01";"KOTA-077";"Samarinda";4;1;20. Jan. 1997;10;15
"CABANG-128";"128";"PHI Mini Market - Salatiga 02";"KOTA-052";"Salatiga";7;2;3. Feb. 1997;10;15
"CABANG-129";"129";"PHI Mini Market - Pangkal Pinang 04";"KOTA-030";"Pangkal Pinang";5;1;15. Feb. 1997;10;15
"CABANG-130";"130";"PHI Mini Market - Sibolga 01";"KOTA-010";"Sibolga";7;2;27. Feb. 1997;10;15
"CABANG-131";"131";"PHI Mini Market - Pare-Pare 03";"KOTA-082";"Pare-Pare";4;1;13. Mar. 1997;10;15
"CABANG-132";"132";"PHI Mini Market - Serang 04";"KOTA-035";"Serang";6;2;26. Mar. 1997;10;15
"CABANG-133";"133";"PHI Mini Market - Singkawang 03";"KOTA-071";"Singkawang";6;2;10. Apr. 1997;10;15
"CABANG-134";"134";"PHI Mini Market - Samarinda 02";"KOTA-077";"Samarinda";7;2;22. Apr. 1997;10;15
"CABANG-135";"135";"PHI Mini Market - Balikpapan 04";"KOTA-075";"Balikpapan";8;2;3. May. 1997;10;15
"CABANG-136";"136";"PHI Mini Market - Jakarta Selatan 01";"KOTA-049";"Jakarta Selatan";6;2;15. May. 1997;10;15
"CABANG-137";"137";"PHI Mini Market - Metro 01";"KOTA-029";"Metro";4;1;28. May. 1997;10;15
"CABANG-138";"138";"PHI Mini Market - Bima 02";"KOTA-068";"Bima";4;1;7. Jun. 1997;10;20
"CABANG-139";"139";"PHI Mini Market - Kediri 01";"KOTA-058";"Kediri";5;1;21. Jun. 1997;10;20
"CABANG-140";"140";"PHI Mini Market - Probolinggo 01";"KOTA-063";"Probolinggo";8;2;9. Jul. 1997;10;20
"CABANG-141";"141";"PHI Mini Market - Pangkal Pinang 05";"KOTA-030";"Pangkal Pinang";4;1;21. Jul. 1997;10;20
"CABANG-142";"142";"PHI Mini Market - Pagar Alam 01";"KOTA-025";"Pagar Alam";8;2;1. Aug. 1997;10;20
"CABANG-143";"143";"PHI Mini Market - Sawahlunto 05";"KOTA-022";"Sawahlunto";7;2;19. Aug. 1997;10;20
"CABANG-144";"144";"PHI Mini Market - Palu 01";"KOTA-085";"Palu";8;2;2. Sep. 1997;10;20
"CABANG-145";"145";"PHI Mini Market - Denpasar 02";"KOTA-066";"Denpasar";5;1;18. Sep. 1997;10;20
"CABANG-146";"146";"PHI Mini Market - Balikpapan 05";"KOTA-075";"Balikpapan";5;1;6. Oct. 1997;10;20
"CABANG-147";"147";"PHI Mini Market - Tidore 02";"KOTA-093";"Tidore";7;2;23. Oct. 1997;10;20
"CABANG-148";"148";"PHI Mini Market - Bima 03";"KOTA-068";"Bima";4;1;5. Nov. 1997;10;20
"CABANG-149";"149";"PHI Mini Market - Jayapura 01";"KOTA-094";"Jayapura";4;1;17. Nov. 1997;10;20
"CABANG-150";"150";"PHI Mini Market - Ternate 02";"KOTA-092";"Ternate";6;2;3. Dec. 1997;10;20
"CABANG-151";"151";"PHI Mini Market - Bogor 04";"KOTA-039";"Bogor";5;1;15. Dec. 1997;10;20
"CABANG-152";"152";"PHI Mini Market - Payakumbuh 03";"KOTA-021";"Payakumbuh";7;2;4. Jan. 1998;10;20
"CABANG-153";"153";"PHI Mini Market - Jayapura 02";"KOTA-094";"Jayapura";5;1;17. Jan. 1998;10;20
"CABANG-154";"154";"PHI Mini Market - Tegal 03";"KOTA-055";"Tegal";8;2;31. Jan. 1998;10;20
"CABANG-155";"155";"PHI Mini Market - Pematangsiantar 02";"KOTA-009";"Pematangsiantar";7;2;14. Feb. 1998;10;20
"CABANG-156";"156";"PHI Mini Market - Tasikmalaya 01";"KOTA-044";"Tasikmalaya";4;1;5. Mar. 1998;10;20
"CABANG-157";"157";"PHI Mini Market - Gorontalo 01";"KOTA-079";"Gorontalo";8;2;22. Mar. 1998;10;20
"CABANG-158";"158";"PHI Mini Market - Ambon 03";"KOTA-090";"Ambon";5;1;4. Apr. 1998;10;20
"CABANG-159";"159";"PHI Mini Market - Sukabumi 05";"KOTA-043";"Sukabumi";4;1;16. Apr. 1998;10;20
"CABANG-160";"160";"PHI Mini Market - Jakarta Timur 04";"KOTA-048";"Jakarta Timur";4;1;29. Apr. 1998;10;20
"CABANG-161";"161";"PHI Mini Market - Palu 02";"KOTA-085";"Palu";8;2;9. May. 1998;10;20
"CABANG-162";"162";"PHI Mini Market - Palangka Raya 02";"KOTA-074";"Palangka Raya";7;2;23. May. 1998;10;20
"CABANG-163";"163";"PHI Mini Market - Tangerang  02";"KOTA-034";"Tangerang ";4;1;8. Jun. 1998;10;20
"CABANG-164";"164";"PHI Mini Market - Payakumbuh 04";"KOTA-021";"Payakumbuh";6;2;22. Jun. 1998;10;20
"CABANG-165";"165";"PHI Mini Market - Jakarta Utara 01";"KOTA-047";"Jakarta Utara";7;2;10. Jul. 1998;10;20
"CABANG-166";"166";"PHI Mini Market - Mataram 02";"KOTA-067";"Mataram";7;2;29. Jul. 1998;10;20
"CABANG-167";"167";"PHI Mini Market - Probolinggo 02";"KOTA-063";"Probolinggo";8;2;16. Aug. 1998;10;20
"CABANG-168";"168";"PHI Mini Market - Bekasi 02";"KOTA-038";"Bekasi";8;2;5. Sep. 1998;10;20
"CABANG-169";"169";"PHI Mini Market - Banjarmasin 03";"KOTA-073";"Banjarmasin";5;1;16. Sep. 1998;10;20
"CABANG-170";"170";"PHI Mini Market - Prabumulih 01";"KOTA-027";"Prabumulih";5;1;1. Oct. 1998;10;20
"CABANG-171";"171";"PHI Mini Market - Lubuklinggau 03";"KOTA-024";"Lubuklinggau";5;1;18. Oct. 1998;10;20
"CABANG-172";"172";"PHI Mini Market - Tebing Tinggi 03";"KOTA-012";"Tebing Tinggi";4;1;28. Oct. 1998;10;20
"CABANG-173";"173";"PHI Mini Market - Madiun 04";"KOTA-059";"Madiun";6;2;7. Nov. 1998;10;20
"CABANG-174";"174";"PHI Mini Market - Palangka Raya 03";"KOTA-074";"Palangka Raya";6;2;25. Nov. 1998;10;20
"CABANG-175";"175";"PHI Mini Market - Bau-Bau 03";"KOTA-083";"Bau-Bau";7;2;8. Dec. 1998;10;20
"CABANG-176";"176";"PHI Mini Market - Sabang 01";"KOTA-004";"Sabang";7;2;19. Dec. 1998;10;20
"CABANG-177";"177";"PHI Mini Market - Dumai 02";"KOTA-015";"Dumai";6;2;4. Jan. 1999;10;20
"CABANG-178";"178";"PHI Mini Market - Jakarta Utara 02";"KOTA-047";"Jakarta Utara";7;2;15. Jan. 1999;10;20
"CABANG-179";"179";"PHI Mini Market - Bandar Lampung 01";"KOTA-028";"Bandar Lampung";5;1;2. Feb. 1999;10;20
"CABANG-180";"180";"PHI Mini Market - Serang 05";"KOTA-035";"Serang";6;2;15. Feb. 1999;10;20
"CABANG-181";"181";"PHI Mini Market - Magelang 02";"KOTA-050";"Magelang";5;1;3. Mar. 1999;10;20
"CABANG-182";"182";"PHI Mini Market - Kendari 02";"KOTA-084";"Kendari";6;2;14. Mar. 1999;10;20
"CABANG-183";"183";"PHI Mini Market - Langsa 02";"KOTA-002";"Langsa";8;2;2. Apr. 1999;10;20
"CABANG-184";"184";"PHI Mini Market - Jakarta Utara 03";"KOTA-047";"Jakarta Utara";4;1;14. Apr. 1999;10;20
"CABANG-185";"185";"PHI Mini Market - Jakarta Selatan 02";"KOTA-049";"Jakarta Selatan";4;1;24. Apr. 1999;10;20
"CABANG-186";"186";"PHI Mini Market - Pangkal Pinang 06";"KOTA-030";"Pangkal Pinang";5;1;8. May. 1999;10;20
"CABANG-187";"187";"PHI Mini Market - Dumai 03";"KOTA-015";"Dumai";5;1;24. May. 1999;10;20
"CABANG-188";"188";"PHI Mini Market - Gorontalo 02";"KOTA-079";"Gorontalo";5;1;12. Jun. 1999;10;20
"CABANG-189";"189";"PHI Mini Market - Bitung 03";"KOTA-086";"Bitung";5;1;26. Jun. 1999;10;20
"CABANG-190";"190";"PHI Mini Market - Denpasar 03";"KOTA-066";"Denpasar";5;1;10. Jul. 1999;10;20
"CABANG-191";"191";"PHI Mini Market - Bima 04";"KOTA-068";"Bima";7;2;25. Jul. 1999;10;20
"CABANG-192";"192";"PHI Mini Market - Balikpapan 06";"KOTA-075";"Balikpapan";6;2;13. Aug. 1999;10;20
"CABANG-193";"193";"PHI Mini Market - Kotamobagu 01";"KOTA-089";"Kotamobagu";8;2;30. Aug. 1999;10;20
"CABANG-194";"194";"PHI Mini Market - Banjarmasin 04";"KOTA-073";"Banjarmasin";4;1;17. Sep. 1999;10;20
"CABANG-195";"195";"PHI Mini Market - Samarinda 03";"KOTA-077";"Samarinda";6;2;5. Oct. 1999;10;20
"CABANG-196";"196";"PHI Mini Market - Pekalongan 01";"KOTA-054";"Pekalongan";4;1;18. Oct. 1999;10;20
"CABANG-197";"197";"PHI Mini Market - Mataram 03";"KOTA-067";"Mataram";7;2;6. Nov. 1999;10;20
"CABANG-198";"198";"PHI Mini Market - Metro 02";"KOTA-029";"Metro";6;2;18. Nov. 1999;10;20
"CABANG-199";"199";"PHI Mini Market - Medan 03";"KOTA-007";"Medan";8;2;7. Dec. 1999;10;20
"CABANG-200";"200";"PHI Mini Market - Mojokerto 02";"KOTA-061";"Mojokerto";7;2;19. Dec. 1999;10;20
"CABANG-201";"201";"PHI Mini Market - Tebing Tinggi 04";"KOTA-012";"Tebing Tinggi";4;1;30. Dec. 1999;10;20
"CABANG-202";"202";"PHI Mini Market - Dumai 04";"KOTA-015";"Dumai";4;1;19. Jan. 2000;10;20
"CABANG-203";"203";"PHI Mini Market - Bitung 04";"KOTA-086";"Bitung";8;2;6. Feb. 2000;10;20
"CABANG-204";"204";"PHI Mini Market - Bima 05";"KOTA-068";"Bima";5;1;26. Feb. 2000;10;20
"CABANG-205";"205";"PHI Mini Market - Sibolga 02";"KOTA-010";"Sibolga";8;2;8. Mar. 2000;10;20
"CABANG-206";"206";"PHI Mini Market - Bukittinggi 03";"KOTA-017";"Bukittinggi";4;1;23. Mar. 2000;10;20
"CABANG-207";"207";"PHI Mini Market - Blitar 03";"KOTA-057";"Blitar";4;1;7. Apr. 2000;10;20
"CABANG-208";"208";"PHI Mini Market - Banjarbaru 02";"KOTA-072";"Banjarbaru";5;1;21. Apr. 2000;10;20
"CABANG-209";"209";"PHI Mini Market - Tasikmalaya 02";"KOTA-044";"Tasikmalaya";4;1;2. May. 2000;10;20
"CABANG-210";"210";"PHI Mini Market - Sorong 01";"KOTA-095";"Sorong";4;1;15. May. 2000;10;20
"CABANG-211";"211";"PHI Mini Market - Pariaman 01";"KOTA-020";"Pariaman";6;2;2. Jun. 2000;10;20
"CABANG-212";"212";"PHI Mini Market - Padang Panjang 04";"KOTA-019";"Padang Panjang";6;2;22. Jun. 2000;10;20
"CABANG-213";"213";"PHI Mini Market - Madiun 05";"KOTA-059";"Madiun";4;1;3. Jul. 2000;10;20
"CABANG-214";"214";"PHI Mini Market - Bau-Bau 04";"KOTA-083";"Bau-Bau";5;1;20. Jul. 2000;10;20
"CABANG-215";"215";"PHI Mini Market - Dumai 05";"KOTA-015";"Dumai";6;2;7. Aug. 2000;10;20
"CABANG-216";"216";"PHI Mini Market - Banjarmasin 05";"KOTA-073";"Banjarmasin";7;2;20. Aug. 2000;10;20
"CABANG-217";"217";"PHI Mini Market - Bengkulu 02";"KOTA-013";"Bengkulu";5;1;5. Sep. 2000;10;20
"CABANG-218";"218";"PHI Mini Market - Bogor 05";"KOTA-039";"Bogor";6;2;15. Sep. 2000;10;20
"CABANG-219";"219";"PHI Mini Market - Payakumbuh 05";"KOTA-021";"Payakumbuh";5;1;3. Oct. 2000;10;20
"CABANG-220";"220";"PHI Mini Market - Tual 03";"KOTA-091";"Tual";4;1;16. Oct. 2000;10;20
"CABANG-221";"221";"PHI Mini Market - Bandung 01";"KOTA-036";"Bandung";4;1;26. Oct. 2000;10;20
"CABANG-222";"222";"PHI Mini Market - Batam 02";"KOTA-031";"Batam";6;2;5. Nov. 2000;10;20
"CABANG-223";"223";"PHI Mini Market - Pariaman 02";"KOTA-020";"Pariaman";8;2;24. Nov. 2000;10;20
"CABANG-224";"224";"PHI Mini Market - Bontang 05";"KOTA-076";"Bontang";7;2;4. Dec. 2000;10;20
"CABANG-225";"225";"PHI Mini Market - Sukabumi 06";"KOTA-043";"Sukabumi";7;2;19. Dec. 2000;10;20
"CABANG-226";"226";"PHI Mini Market - Palembang 02";"KOTA-026";"Palembang";5;1;30. Dec. 2000;10;20
"CABANG-227";"227";"PHI Mini Market - Tarakan 03";"KOTA-078";"Tarakan";7;2;16. Jan. 2001;10;20
"CABANG-228";"228";"PHI Mini Market - Samarinda 04";"KOTA-077";"Samarinda";7;2;30. Jan. 2001;10;20
"CABANG-229";"229";"PHI Mini Market - Depok 03";"KOTA-042";"Depok";8;2;13. Feb. 2001;10;20
"CABANG-230";"230";"PHI Mini Market - Bima 06";"KOTA-068";"Bima";7;2;23. Feb. 2001;10;20
"CABANG-231";"231";"PHI Mini Market - Ternate 03";"KOTA-092";"Ternate";4;1;8. Mar. 2001;10;20
"CABANG-232";"232";"PHI Mini Market - Denpasar 04";"KOTA-066";"Denpasar";6;2;27. Mar. 2001;10;20
"CABANG-233";"233";"PHI Mini Market - Bandar Lampung 02";"KOTA-028";"Bandar Lampung";7;2;15. Apr. 2001;10;20
"CABANG-234";"234";"PHI Mini Market - Manado 02";"KOTA-087";"Manado";7;2;30. Apr. 2001;10;20
"CABANG-235";"235";"PHI Mini Market - Tebing Tinggi 05";"KOTA-012";"Tebing Tinggi";6;2;16. May. 2001;10;20
"CABANG-236";"236";"PHI Mini Market - Ternate 04";"KOTA-092";"Ternate";8;2;27. May. 2001;10;20
"CABANG-237";"237";"PHI Mini Market - Pangkal Pinang 07";"KOTA-030";"Pangkal Pinang";5;1;8. Jun. 2001;10;20
"CABANG-238";"238";"PHI Mini Market - Sabang 02";"KOTA-004";"Sabang";5;1;27. Jun. 2001;10;20
"CABANG-239";"239";"PHI Mini Market - Bitung 05";"KOTA-086";"Bitung";8;2;15. Jul. 2001;10;20
"CABANG-240";"240";"PHI Mini Market - Palangka Raya 04";"KOTA-074";"Palangka Raya";7;2;27. Jul. 2001;10;20
"CABANG-241";"241";"PHI Mini Market - Mojokerto 03";"KOTA-061";"Mojokerto";7;2;7. Aug. 2001;10;20
"CABANG-242";"242";"PHI Mini Market - Jakarta Barat 01";"KOTA-045";"Jakarta Barat";4;1;18. Aug. 2001;10;20
"CABANG-243";"243";"PHI Mini Market - Jakarta Pusat 02";"KOTA-046";"Jakarta Pusat";6;2;30. Aug. 2001;10;20
"CABANG-244";"244";"PHI Mini Market - Padang 03";"KOTA-018";"Padang";5;1;15. Sep. 2001;10;20
"CABANG-245";"245";"PHI Mini Market - Pekalongan 02";"KOTA-054";"Pekalongan";6;2;25. Sep. 2001;10;20
"CABANG-246";"246";"PHI Mini Market - Palembang 03";"KOTA-026";"Palembang";5;1;6. Oct. 2001;10;20
"CABANG-247";"247";"PHI Mini Market - Pekanbaru 04";"KOTA-016";"Pekanbaru";4;1;18. Oct. 2001;10;20
"CABANG-248";"248";"PHI Mini Market - Batam 03";"KOTA-031";"Batam";8;2;2. Nov. 2001;10;20
"CABANG-249";"249";"PHI Mini Market - Pagar Alam 02";"KOTA-025";"Pagar Alam";6;2;16. Nov. 2001;10;20
"CABANG-250";"250";"PHI Mini Market - Bau-Bau 05";"KOTA-083";"Bau-Bau";7;2;6. Dec. 2001;10;20
"CABANG-251";"251";"PHI Mini Market - Jakarta Timur 05";"KOTA-048";"Jakarta Timur";8;2;22. Dec. 2001;10;20
"CABANG-252";"252";"PHI Mini Market - Jakarta Barat 02";"KOTA-045";"Jakarta Barat";8;2;6. Jan. 2002;10;20
"CABANG-253";"253";"PHI Mini Market - Semarang 02";"KOTA-053";"Semarang";5;1;20. Jan. 2002;10;20
"CABANG-254";"254";"PHI Mini Market - Tanjung Balai 03";"KOTA-011";"Tanjung Balai";7;2;7. Feb. 2002;10;20
"CABANG-255";"255";"PHI Mini Market - Batam 04";"KOTA-031";"Batam";8;2;23. Feb. 2002;10;20
"CABANG-256";"256";"PHI Mini Market - Madiun 06";"KOTA-059";"Madiun";7;2;14. Mar. 2002;10;20
"CABANG-257";"257";"PHI Mini Market - Jakarta Pusat 03";"KOTA-046";"Jakarta Pusat";4;1;3. Apr. 2002;10;20
"CABANG-258";"258";"PHI Mini Market - Cimahi 02";"KOTA-040";"Cimahi";7;2;20. Apr. 2002;10;20
"CABANG-259";"259";"PHI Mini Market - Bandar Lampung 03";"KOTA-028";"Bandar Lampung";8;2;2. May. 2002;10;20
"CABANG-260";"260";"PHI Mini Market - Jakarta Selatan 03";"KOTA-049";"Jakarta Selatan";5;1;15. May. 2002;10;20
"CABANG-261";"261";"PHI Mini Market - Pagar Alam 03";"KOTA-025";"Pagar Alam";4;1;28. May. 2002;10;20
"CABANG-262";"262";"PHI Mini Market - Sukabumi 07";"KOTA-043";"Sukabumi";7;2;15. Jun. 2002;10;20
"CABANG-263";"263";"PHI Mini Market - Binjai 01";"KOTA-006";"Binjai";5;1;25. Jun. 2002;10;20
"CABANG-264";"264";"PHI Mini Market - Yogyakarta 01";"KOTA-065";"Yogyakarta";5;1;14. Jul. 2002;10;20
"CABANG-265";"265";"PHI Mini Market - Bukittinggi 04";"KOTA-017";"Bukittinggi";4;1;1. Aug. 2002;10;20
"CABANG-266";"266";"PHI Mini Market - Sorong 02";"KOTA-095";"Sorong";5;1;20. Aug. 2002;10;20
"CABANG-267";"267";"PHI Mini Market - Palangka Raya 05";"KOTA-074";"Palangka Raya";5;1;4. Sep. 2002;10;20
"CABANG-268";"268";"PHI Mini Market - Malang 02";"KOTA-060";"Malang";7;2;23. Sep. 2002;10;20
"CABANG-269";"269";"PHI Mini Market - Tangerang  03";"KOTA-034";"Tangerang ";7;2;6. Oct. 2002;10;20
"CABANG-270";"270";"PHI Mini Market - Tangerang  04";"KOTA-034";"Tangerang ";4;1;21. Oct. 2002;10;20
"CABANG-271";"271";"PHI Mini Market - Medan 04";"KOTA-007";"Medan";6;2;5. Nov. 2002;10;20
"CABANG-272";"272";"PHI Mini Market - Jakarta Selatan 04";"KOTA-049";"Jakarta Selatan";5;1;20. Nov. 2002;10;20
"CABANG-273";"273";"PHI Mini Market - Singkawang 04";"KOTA-071";"Singkawang";5;1;4. Dec. 2002;10;20
"CABANG-274";"274";"PHI Mini Market - Jayapura 03";"KOTA-094";"Jayapura";5;1;14. Dec. 2002;10;20
"CABANG-275";"275";"PHI Mini Market - Jambi 03";"KOTA-014";"Jambi";6;2;27. Dec. 2002;10;20
"CABANG-276";"276";"PHI Mini Market - Jakarta Barat 03";"KOTA-045";"Jakarta Barat";4;1;10. Jan. 2003;10;20
"CABANG-277";"277";"PHI Mini Market - Solok 02";"KOTA-023";"Solok";8;2;20. Jan. 2003;10;20
"CABANG-278";"278";"PHI Mini Market - Banjarmasin 06";"KOTA-073";"Banjarmasin";5;1;4. Feb. 2003;10;20
"CABANG-279";"279";"PHI Mini Market - Jambi 04";"KOTA-014";"Jambi";5;1;20. Feb. 2003;10;20
"CABANG-280";"280";"PHI Mini Market - Sibolga 03";"KOTA-010";"Sibolga";5;1;5. Mar. 2003;10;20
"CABANG-281";"281";"PHI Mini Market - Tanjung Pinang 03";"KOTA-032";"Tanjung Pinang";5;1;18. Mar. 2003;10;20
"CABANG-282";"282";"PHI Mini Market - Malang 03";"KOTA-060";"Malang";6;2;5. Apr. 2003;10;20
"CABANG-283";"283";"PHI Mini Market - Jakarta Pusat 04";"KOTA-046";"Jakarta Pusat";7;2;25. Apr. 2003;10;20
"CABANG-284";"284";"PHI Mini Market - Padang 04";"KOTA-018";"Padang";8;2;13. May. 2003;10;20
"CABANG-285";"285";"PHI Mini Market - Bandar Lampung 04";"KOTA-028";"Bandar Lampung";7;2;24. May. 2003;5;15
"CABANG-286";"286";"PHI Mini Market - Singkawang 05";"KOTA-071";"Singkawang";8;2;31. May. 2003;5;15
"CABANG-287";"287";"PHI Mini Market - Pagar Alam 04";"KOTA-025";"Pagar Alam";7;2;6. Jun. 2003;5;15
"CABANG-288";"288";"PHI Mini Market - Tidore 03";"KOTA-093";"Tidore";5;1;15. Jun. 2003;5;15
"CABANG-289";"289";"PHI Mini Market - Tebing Tinggi 06";"KOTA-012";"Tebing Tinggi";8;2;26. Jun. 2003;5;15
"CABANG-290";"290";"PHI Mini Market - Sawahlunto 06";"KOTA-022";"Sawahlunto";4;1;2. Jul. 2003;5;15
"CABANG-291";"291";"PHI Mini Market - Bogor 06";"KOTA-039";"Bogor";7;2;12. Jul. 2003;5;15
"CABANG-292";"292";"PHI Mini Market - Bandung 02";"KOTA-036";"Bandung";7;2;25. Jul. 2003;5;15
"CABANG-293";"293";"PHI Mini Market - Bandar Lampung 05";"KOTA-028";"Bandar Lampung";7;2;31. Jul. 2003;5;15
"CABANG-294";"294";"PHI Mini Market - Cirebon 02";"KOTA-041";"Cirebon";5;1;5. Aug. 2003;5;15
"CABANG-295";"295";"PHI Mini Market - Gorontalo 03";"KOTA-079";"Gorontalo";5;1;17. Aug. 2003;5;15
"CABANG-296";"296";"PHI Mini Market - Cilegon 03";"KOTA-033";"Cilegon";8;2;25. Aug. 2003;5;15
"CABANG-297";"297";"PHI Mini Market - Singkawang 06";"KOTA-071";"Singkawang";7;2;6. Sep. 2003;5;15
"CABANG-298";"298";"PHI Mini Market - Tarakan 04";"KOTA-078";"Tarakan";5;1;13. Sep. 2003;5;15
"CABANG-299";"299";"PHI Mini Market - Ternate 05";"KOTA-092";"Ternate";4;1;19. Sep. 2003;5;15
"CABANG-300";"300";"PHI Mini Market - Pekalongan 03";"KOTA-054";"Pekalongan";5;1;27. Sep. 2003;5;15
"CABANG-301";"301";"PHI Mini Market - Makassar 04";"KOTA-080";"Makassar";5;1;6. Oct. 2003;5;15
"CABANG-302";"302";"PHI Mini Market - Magelang 03";"KOTA-050";"Magelang";8;2;11. Oct. 2003;5;15
"CABANG-303";"303";"PHI Mini Market - Bukittinggi 05";"KOTA-017";"Bukittinggi";7;2;16. Oct. 2003;5;15
"CABANG-304";"304";"PHI Mini Market - Banda Aceh 01";"KOTA-001";"Banda Aceh";7;2;28. Oct. 2003;5;15
"CABANG-305";"305";"PHI Mini Market - Bau-Bau 06";"KOTA-083";"Bau-Bau";6;2;3. Nov. 2003;5;15
"CABANG-306";"306";"PHI Mini Market - Jakarta Selatan 05";"KOTA-049";"Jakarta Selatan";6;2;18. Nov. 2003;5;15
"CABANG-307";"307";"PHI Mini Market - Magelang 04";"KOTA-050";"Magelang";5;1;25. Nov. 2003;5;15
"CABANG-308";"308";"PHI Mini Market - Tanjung Pinang 04";"KOTA-032";"Tanjung Pinang";6;2;3. Dec. 2003;5;15
"CABANG-309";"309";"PHI Mini Market - Jayapura 04";"KOTA-094";"Jayapura";4;1;12. Dec. 2003;5;15
"CABANG-310";"310";"PHI Mini Market - Jakarta Utara 04";"KOTA-047";"Jakarta Utara";8;2;26. Dec. 2003;5;15
"CABANG-311";"311";"PHI Mini Market - Tidore 04";"KOTA-093";"Tidore";4;1;9. Jan. 2004;5;15
"CABANG-312";"312";"PHI Mini Market - Mataram 04";"KOTA-067";"Mataram";5;1;19. Jan. 2004;5;15
"CABANG-313";"313";"PHI Mini Market - Gorontalo 04";"KOTA-079";"Gorontalo";7;2;2. Feb. 2004;5;15
"CABANG-314";"314";"PHI Mini Market - Jakarta Timur 06";"KOTA-048";"Jakarta Timur";5;1;9. Feb. 2004;5;15
"CABANG-315";"315";"PHI Mini Market - Tomohon 02";"KOTA-088";"Tomohon";8;2;17. Feb. 2004;5;15
"CABANG-316";"316";"PHI Mini Market - Subulussalam 01";"KOTA-005";"Subulussalam";6;2;22. Feb. 2004;5;15
"CABANG-317";"317";"PHI Mini Market - Jayapura 05";"KOTA-094";"Jayapura";6;2;2. Mar. 2004;5;15
"CABANG-318";"318";"PHI Mini Market - Tanjung Pinang 05";"KOTA-032";"Tanjung Pinang";4;1;7. Mar. 2004;5;15
"CABANG-319";"319";"PHI Mini Market - Ambon 04";"KOTA-090";"Ambon";7;2;19. Mar. 2004;5;15
"CABANG-320";"320";"PHI Mini Market - Sawahlunto 07";"KOTA-022";"Sawahlunto";4;1;28. Mar. 2004;5;15
"CABANG-321";"321";"PHI Mini Market - Tasikmalaya 03";"KOTA-044";"Tasikmalaya";4;1;12. Apr. 2004;5;15
"CABANG-322";"322";"PHI Mini Market - Malang 04";"KOTA-060";"Malang";5;1;22. Apr. 2004;5;15
"CABANG-323";"323";"PHI Mini Market - Malang 05";"KOTA-060";"Malang";6;2;30. Apr. 2004;5;15
"CABANG-324";"324";"PHI Mini Market - Bandar Lampung 06";"KOTA-028";"Bandar Lampung";8;2;14. May. 2004;5;15
"CABANG-325";"325";"PHI Mini Market - Bukittinggi 06";"KOTA-017";"Bukittinggi";4;1;19. May. 2004;5;15
"CABANG-326";"326";"PHI Mini Market - Tidore 05";"KOTA-093";"Tidore";6;2;26. May. 2004;5;15
"CABANG-327";"327";"PHI Mini Market - Tegal 04";"KOTA-055";"Tegal";5;1;9. Jun. 2004;5;15
"CABANG-328";"328";"PHI Mini Market - Tebing Tinggi 07";"KOTA-012";"Tebing Tinggi";5;1;22. Jun. 2004;5;15
"CABANG-329";"329";"PHI Mini Market - Sorong 03";"KOTA-095";"Sorong";6;2;30. Jun. 2004;5;15
"CABANG-330";"330";"PHI Mini Market - Malang 06";"KOTA-060";"Malang";7;2;8. Jul. 2004;5;15
"CABANG-331";"331";"PHI Mini Market - Sibolga 04";"KOTA-010";"Sibolga";5;1;20. Jul. 2004;5;15
"CABANG-332";"332";"PHI Mini Market - Tarakan 05";"KOTA-078";"Tarakan";6;2;29. Jul. 2004;5;15
"CABANG-333";"333";"PHI Mini Market - Manado 03";"KOTA-087";"Manado";4;1;13. Aug. 2004;5;15
"CABANG-334";"334";"PHI Mini Market - Cilegon 04";"KOTA-033";"Cilegon";7;2;21. Aug. 2004;5;15
"CABANG-335";"335";"PHI Mini Market - Medan 05";"KOTA-007";"Medan";6;2;31. Aug. 2004;5;15
"CABANG-336";"336";"PHI Mini Market - Tidore 06";"KOTA-093";"Tidore";7;2;10. Sep. 2004;5;15
"CABANG-337";"337";"PHI Mini Market - Jambi 05";"KOTA-014";"Jambi";7;2;21. Sep. 2004;5;15
"CABANG-338";"338";"PHI Mini Market - Ambon 05";"KOTA-090";"Ambon";7;2;29. Sep. 2004;5;15
"CABANG-339";"339";"PHI Mini Market - Payakumbuh 06";"KOTA-021";"Payakumbuh";5;1;4. Oct. 2004;5;15
"CABANG-340";"340";"PHI Mini Market - Sawahlunto 08";"KOTA-022";"Sawahlunto";4;1;11. Oct. 2004;5;15
"CABANG-341";"341";"PHI Mini Market - Pontianak 01";"KOTA-070";"Pontianak";8;2;20. Oct. 2004;5;15
"CABANG-342";"342";"PHI Mini Market - Tidore 07";"KOTA-093";"Tidore";8;2;28. Oct. 2004;5;15
"CABANG-343";"343";"PHI Mini Market - Tanjung Pinang 06";"KOTA-032";"Tanjung Pinang";6;2;3. Nov. 2004;5;15
"CABANG-344";"344";"PHI Mini Market - Serang 06";"KOTA-035";"Serang";6;2;11. Nov. 2004;5;15
"CABANG-345";"345";"PHI Mini Market - Pagar Alam 05";"KOTA-025";"Pagar Alam";6;2;16. Nov. 2004;5;15
"CABANG-346";"346";"PHI Mini Market - Solok 03";"KOTA-023";"Solok";7;2;21. Nov. 2004;5;15
"CABANG-347";"347";"PHI Mini Market - Bau-Bau 07";"KOTA-083";"Bau-Bau";8;2;2. Dec. 2004;5;15
"CABANG-348";"348";"PHI Mini Market - Pekanbaru 05";"KOTA-016";"Pekanbaru";6;2;9. Dec. 2004;5;15
"CABANG-349";"349";"PHI Mini Market - Semarang 03";"KOTA-053";"Semarang";5;1;14. Dec. 2004;5;15
"CABANG-350";"350";"PHI Mini Market - Serang 07";"KOTA-035";"Serang";7;2;29. Dec. 2004;5;15
"CABANG-351";"351";"PHI Mini Market - Tebing Tinggi 08";"KOTA-012";"Tebing Tinggi";5;1;6. Jan. 2005;5;15
"CABANG-352";"352";"PHI Mini Market - Depok 04";"KOTA-042";"Depok";8;2;16. Jan. 2005;5;15
"CABANG-353";"353";"PHI Mini Market - Mojokerto 04";"KOTA-061";"Mojokerto";8;2;21. Jan. 2005;5;15
"CABANG-354";"354";"PHI Mini Market - Jakarta Barat 04";"KOTA-045";"Jakarta Barat";6;2;3. Feb. 2005;5;15
"CABANG-355";"355";"PHI Mini Market - Mataram 05";"KOTA-067";"Mataram";4;1;14. Feb. 2005;5;15
"CABANG-356";"356";"PHI Mini Market - Pagar Alam 06";"KOTA-025";"Pagar Alam";5;1;1. Mar. 2005;5;15
"CABANG-357";"357";"PHI Mini Market - Padang Sidempuan 02";"KOTA-008";"Padang Sidempuan";7;2;7. Mar. 2005;5;15
"CABANG-358";"358";"PHI Mini Market - Tarakan 06";"KOTA-078";"Tarakan";7;2;12. Mar. 2005;5;15
"CABANG-359";"359";"PHI Mini Market - Tanjung Pinang 07";"KOTA-032";"Tanjung Pinang";5;1;27. Mar. 2005;5;15
"CABANG-360";"360";"PHI Mini Market - Pematangsiantar 03";"KOTA-009";"Pematangsiantar";6;2;11. Apr. 2005;5;15
"CABANG-361";"361";"PHI Mini Market - Kotamobagu 02";"KOTA-089";"Kotamobagu";6;2;23. Apr. 2005;5;15
"CABANG-362";"362";"PHI Mini Market - Malang 07";"KOTA-060";"Malang";8;2;30. Apr. 2005;5;15
"CABANG-363";"363";"PHI Mini Market - Kendari 03";"KOTA-084";"Kendari";7;2;11. May. 2005;5;15
"CABANG-364";"364";"PHI Mini Market - Tegal 05";"KOTA-055";"Tegal";6;2;24. May. 2005;5;15
"CABANG-365";"365";"PHI Mini Market - Pagar Alam 07";"KOTA-025";"Pagar Alam";4;1;30. May. 2005;5;15
"CABANG-366";"366";"PHI Mini Market - Banda Aceh 02";"KOTA-001";"Banda Aceh";5;1;13. Jun. 2005;5;15
"CABANG-367";"367";"PHI Mini Market - Serang 08";"KOTA-035";"Serang";8;2;19. Jun. 2005;5;15
"CABANG-368";"368";"PHI Mini Market - Palangka Raya 06";"KOTA-074";"Palangka Raya";6;2;3. Jul. 2005;5;15
"CABANG-369";"369";"PHI Mini Market - Bima 07";"KOTA-068";"Bima";8;2;9. Jul. 2005;5;15
"CABANG-370";"370";"PHI Mini Market - Binjai 02";"KOTA-006";"Binjai";4;1;15. Jul. 2005;5;15
"CABANG-371";"371";"PHI Mini Market - Sibolga 05";"KOTA-010";"Sibolga";4;1;30. Jul. 2005;5;15
"CABANG-372";"372";"PHI Mini Market - Banjarbaru 03";"KOTA-072";"Banjarbaru";6;2;8. Aug. 2005;5;15
"CABANG-373";"373";"PHI Mini Market - Bitung 06";"KOTA-086";"Bitung";8;2;19. Aug. 2005;5;15
"CABANG-374";"374";"PHI Mini Market - Dumai 06";"KOTA-015";"Dumai";8;2;2. Sep. 2005;5;15
"CABANG-375";"375";"PHI Mini Market - Probolinggo 03";"KOTA-063";"Probolinggo";6;2;11. Sep. 2005;5;15
"CABANG-376";"376";"PHI Mini Market - Sorong 04";"KOTA-095";"Sorong";8;2;16. Sep. 2005;5;15
"CABANG-377";"377";"PHI Mini Market - Dumai 07";"KOTA-015";"Dumai";4;1;1. Oct. 2005;5;15
"CABANG-378";"378";"PHI Mini Market - Tasikmalaya 04";"KOTA-044";"Tasikmalaya";5;1;6. Oct. 2005;5;15
"CABANG-379";"379";"PHI Mini Market - Pasuruan 06";"KOTA-062";"Pasuruan";5;1;20. Oct. 2005;5;15
"CABANG-380";"380";"PHI Mini Market - Tarakan 07";"KOTA-078";"Tarakan";7;2;3. Nov. 2005;5;15
"CABANG-381";"381";"PHI Mini Market - Cirebon 03";"KOTA-041";"Cirebon";8;2;13. Nov. 2005;5;15
"CABANG-382";"382";"PHI Mini Market - Banjarmasin 07";"KOTA-073";"Banjarmasin";6;2;26. Nov. 2005;5;15
"CABANG-383";"383";"PHI Mini Market - Tanjung Pinang 08";"KOTA-032";"Tanjung Pinang";8;2;3. Dec. 2005;5;15
"CABANG-384";"384";"PHI Mini Market - Prabumulih 02";"KOTA-027";"Prabumulih";5;1;17. Dec. 2005;5;15
"CABANG-385";"385";"PHI Mini Market - Gorontalo 05";"KOTA-079";"Gorontalo";6;2;29. Dec. 2005;5;15
"CABANG-386";"386";"PHI Mini Market - Jakarta Pusat 05";"KOTA-046";"Jakarta Pusat";8;2;3. Jan. 2006;5;15
"CABANG-387";"387";"PHI Mini Market - Malang 08";"KOTA-060";"Malang";8;2;17. Jan. 2006;5;15
"CABANG-388";"388";"PHI Mini Market - Jakarta Pusat 06";"KOTA-046";"Jakarta Pusat";8;2;31. Jan. 2006;5;15
"CABANG-389";"389";"PHI Mini Market - Bima 08";"KOTA-068";"Bima";6;2;13. Feb. 2006;5;15
"CABANG-390";"390";"PHI Mini Market - Sibolga 06";"KOTA-010";"Sibolga";7;2;18. Feb. 2006;5;15
"CABANG-391";"391";"PHI Mini Market - Ternate 06";"KOTA-092";"Ternate";4;1;28. Feb. 2006;5;15
"CABANG-392";"392";"PHI Mini Market - Ternate 07";"KOTA-092";"Ternate";5;1;13. Mar. 2006;5;15
"CABANG-393";"393";"PHI Mini Market - Kediri 02";"KOTA-058";"Kediri";6;2;19. Mar. 2006;5;15
"CABANG-394";"394";"PHI Mini Market - Bitung 07";"KOTA-086";"Bitung";4;1;2. Apr. 2006;5;15
"CABANG-395";"395";"PHI Mini Market - Pagar Alam 08";"KOTA-025";"Pagar Alam";8;2;16. Apr. 2006;5;15
"CABANG-396";"396";"PHI Mini Market - Pekanbaru 06";"KOTA-016";"Pekanbaru";5;1;30. Apr. 2006;5;15
"CABANG-397";"397";"PHI Mini Market - Pematangsiantar 04";"KOTA-009";"Pematangsiantar";7;2;14. May. 2006;5;15
"CABANG-398";"398";"PHI Mini Market - Dumai 08";"KOTA-015";"Dumai";5;1;23. May. 2006;5;15
"CABANG-399";"399";"PHI Mini Market - Jakarta Pusat 07";"KOTA-046";"Jakarta Pusat";6;2;5. Jun. 2006;5;15
"CABANG-400";"400";"PHI Mini Market - Depok 05";"KOTA-042";"Depok";7;2;20. Jun. 2006;5;15
"CABANG-401";"401";"PHI Mini Market - Banjarmasin 08";"KOTA-073";"Banjarmasin";6;2;29. Jun. 2006;5;15
"CABANG-402";"402";"PHI Mini Market - Semarang 04";"KOTA-053";"Semarang";5;1;4. Jul. 2006;5;15
"CABANG-403";"403";"PHI Mini Market - Cilegon 05";"KOTA-033";"Cilegon";6;2;14. Jul. 2006;5;15
"CABANG-404";"404";"PHI Mini Market - Yogyakarta 02";"KOTA-065";"Yogyakarta";6;2;22. Jul. 2006;5;15
"CABANG-405";"405";"PHI Mini Market - Jakarta Pusat 08";"KOTA-046";"Jakarta Pusat";6;2;31. Jul. 2006;5;15
"CABANG-406";"406";"PHI Mini Market - Tangerang  05";"KOTA-034";"Tangerang ";7;2;12. Aug. 2006;5;15
"CABANG-407";"407";"PHI Mini Market - Bukittinggi 07";"KOTA-017";"Bukittinggi";8;2;21. Aug. 2006;5;15
"CABANG-408";"408";"PHI Mini Market - Dumai 09";"KOTA-015";"Dumai";5;1;29. Aug. 2006;5;15
"CABANG-409";"409";"PHI Mini Market - Padang Sidempuan 03";"KOTA-008";"Padang Sidempuan";6;2;11. Sep. 2006;5;15
"CABANG-410";"410";"PHI Mini Market - Pontianak 02";"KOTA-070";"Pontianak";6;2;25. Sep. 2006;5;15
"CABANG-411";"411";"PHI Mini Market - Kendari 04";"KOTA-084";"Kendari";8;2;8. Oct. 2006;5;15
"CABANG-412";"412";"PHI Mini Market - Cirebon 04";"KOTA-041";"Cirebon";5;1;15. Oct. 2006;5;15
"CABANG-413";"413";"PHI Mini Market - Batu 02";"KOTA-056";"Batu";6;2;20. Oct. 2006;5;15
"CABANG-414";"414";"PHI Mini Market - Makassar 05";"KOTA-080";"Makassar";4;1;26. Oct. 2006;5;15
"CABANG-415";"415";"PHI Mini Market - Palopo 01";"KOTA-081";"Palopo";6;2;3. Nov. 2006;2;10
"CABANG-416";"416";"PHI Mini Market - Tebing Tinggi 09";"KOTA-012";"Tebing Tinggi";8;2;11. Nov. 2006;2;10
"CABANG-417";"417";"PHI Mini Market - Sawahlunto 09";"KOTA-022";"Sawahlunto";6;2;14. Nov. 2006;2;10
"CABANG-418";"418";"PHI Mini Market - Pangkal Pinang 08";"KOTA-030";"Pangkal Pinang";5;1;17. Nov. 2006;2;10
"CABANG-419";"419";"PHI Mini Market - Pontianak 03";"KOTA-070";"Pontianak";6;2;27. Nov. 2006;2;10
"CABANG-420";"420";"PHI Mini Market - Prabumulih 03";"KOTA-027";"Prabumulih";8;2;30. Nov. 2006;2;10
"CABANG-421";"421";"PHI Mini Market - Metro 03";"KOTA-029";"Metro";5;1;3. Dec. 2006;2;10
"CABANG-422";"422";"PHI Mini Market - Tangerang  06";"KOTA-034";"Tangerang ";5;1;13. Dec. 2006;2;10
"CABANG-423";"423";"PHI Mini Market - Medan 06";"KOTA-007";"Medan";7;2;21. Dec. 2006;2;10
"CABANG-424";"424";"PHI Mini Market - Jambi 06";"KOTA-014";"Jambi";6;2;29. Dec. 2006;2;10
"CABANG-425";"425";"PHI Mini Market - Tebing Tinggi 10";"KOTA-012";"Tebing Tinggi";8;2;6. Jan. 2007;2;10
"CABANG-426";"426";"PHI Mini Market - Jakarta Barat 05";"KOTA-045";"Jakarta Barat";8;2;12. Jan. 2007;2;10
"CABANG-427";"427";"PHI Mini Market - Jakarta Utara 05";"KOTA-047";"Jakarta Utara";8;2;20. Jan. 2007;2;10
"CABANG-428";"428";"PHI Mini Market - Tanjung Balai 04";"KOTA-011";"Tanjung Balai";7;2;22. Jan. 2007;2;10
"CABANG-429";"429";"PHI Mini Market - Dumai 10";"KOTA-015";"Dumai";4;1;29. Jan. 2007;2;10
"CABANG-430";"430";"PHI Mini Market - Balikpapan 07";"KOTA-075";"Balikpapan";6;2;8. Feb. 2007;2;10
"CABANG-431";"431";"PHI Mini Market - Kediri 03";"KOTA-058";"Kediri";4;1;14. Feb. 2007;2;10
"CABANG-432";"432";"PHI Mini Market - Mojokerto 05";"KOTA-061";"Mojokerto";7;2;18. Feb. 2007;2;10
"CABANG-433";"433";"PHI Mini Market - Jakarta Selatan 06";"KOTA-049";"Jakarta Selatan";4;1;20. Feb. 2007;2;10
"CABANG-434";"434";"PHI Mini Market - Sabang 03";"KOTA-004";"Sabang";5;1;2. Mar. 2007;2;10
"CABANG-435";"435";"PHI Mini Market - Banjar 05";"KOTA-037";"Banjar";5;1;11. Mar. 2007;2;10
"CABANG-436";"436";"PHI Mini Market - Tomohon 03";"KOTA-088";"Tomohon";5;1;21. Mar. 2007;2;10
"CABANG-437";"437";"PHI Mini Market - Ternate 08";"KOTA-092";"Ternate";8;2;30. Mar. 2007;2;10
"CABANG-438";"438";"PHI Mini Market - Cilegon 06";"KOTA-033";"Cilegon";6;2;9. Apr. 2007;2;10
"CABANG-439";"439";"PHI Mini Market - Manado 04";"KOTA-087";"Manado";7;2;11. Apr. 2007;2;10
"CABANG-440";"440";"PHI Mini Market - Binjai 03";"KOTA-006";"Binjai";6;2;14. Apr. 2007;2;10
"CABANG-441";"441";"PHI Mini Market - Pasuruan 07";"KOTA-062";"Pasuruan";6;2;24. Apr. 2007;2;10
"CABANG-442";"442";"PHI Mini Market - Jakarta Timur 07";"KOTA-048";"Jakarta Timur";4;1;30. Apr. 2007;2;10
"CABANG-443";"443";"PHI Mini Market - Depok 06";"KOTA-042";"Depok";7;2;6. May. 2007;2;10
"CABANG-444";"444";"PHI Mini Market - Pekalongan 04";"KOTA-054";"Pekalongan";7;2;13. May. 2007;2;10
"CABANG-445";"445";"PHI Mini Market - Semarang 05";"KOTA-053";"Semarang";6;2;18. May. 2007;2;10
"CABANG-446";"446";"PHI Mini Market - Batam 05";"KOTA-031";"Batam";4;1;27. May. 2007;2;10
"CABANG-447";"447";"PHI Mini Market - Banjarmasin 09";"KOTA-073";"Banjarmasin";5;1;2. Jun. 2007;2;10
"CABANG-448";"448";"PHI Mini Market - Tual 04";"KOTA-091";"Tual";5;1;12. Jun. 2007;2;10
"CABANG-449";"449";"PHI Mini Market - Padang Sidempuan 04";"KOTA-008";"Padang Sidempuan";6;2;20. Jun. 2007;2;10
"CABANG-450";"450";"PHI Mini Market - Jakarta Selatan 07";"KOTA-049";"Jakarta Selatan";8;2;26. Jun. 2007;2;10
"CABANG-451";"451";"PHI Mini Market - Batu 03";"KOTA-056";"Batu";5;1;28. Jun. 2007;2;10
"CABANG-452";"452";"PHI Mini Market - Pekanbaru 07";"KOTA-016";"Pekanbaru";4;1;4. Jul. 2007;2;10
"CABANG-453";"453";"PHI Mini Market - Madiun 07";"KOTA-059";"Madiun";4;1;8. Jul. 2007;2;10
"CABANG-454";"454";"PHI Mini Market - Surakarta 02";"KOTA-051";"Surakarta";7;2;13. Jul. 2007;2;10
"CABANG-455";"455";"PHI Mini Market - Binjai 04";"KOTA-006";"Binjai";8;2;23. Jul. 2007;2;10
"CABANG-456";"456";"PHI Mini Market - Yogyakarta 03";"KOTA-065";"Yogyakarta";8;2;27. Jul. 2007;2;10
"CABANG-457";"457";"PHI Mini Market - Tegal 06";"KOTA-055";"Tegal";4;1;29. Jul. 2007;2;10
"CABANG-458";"458";"PHI Mini Market - Payakumbuh 07";"KOTA-021";"Payakumbuh";6;2;31. Jul. 2007;2;10
"CABANG-459";"459";"PHI Mini Market - Sibolga 07";"KOTA-010";"Sibolga";4;1;2. Aug. 2007;2;10
"CABANG-460";"460";"PHI Mini Market - Medan 07";"KOTA-007";"Medan";6;2;6. Aug. 2007;2;10
"CABANG-461";"461";"PHI Mini Market - Bima 09";"KOTA-068";"Bima";4;1;11. Aug. 2007;2;10
"CABANG-462";"462";"PHI Mini Market - Tanjung Pinang 09";"KOTA-032";"Tanjung Pinang";6;2;13. Aug. 2007;2;10
"CABANG-463";"463";"PHI Mini Market - Bima 10";"KOTA-068";"Bima";4;1;23. Aug. 2007;2;10
"CABANG-464";"464";"PHI Mini Market - Bima 11";"KOTA-068";"Bima";8;2;31. Aug. 2007;2;10
"CABANG-465";"465";"PHI Mini Market - Pariaman 03";"KOTA-020";"Pariaman";6;2;2. Sep. 2007;1;10
"CABANG-466";"466";"PHI Mini Market - Lhokseumawe 02";"KOTA-003";"Lhokseumawe";7;2;8. Sep. 2007;1;10
"CABANG-467";"467";"PHI Mini Market - Ternate 09";"KOTA-092";"Ternate";4;1;12. Sep. 2007;1;10
"CABANG-468";"468";"PHI Mini Market - Salatiga 03";"KOTA-052";"Salatiga";7;2;14. Sep. 2007;1;10
"CABANG-469";"469";"PHI Mini Market - Bandung 03";"KOTA-036";"Bandung";4;1;20. Sep. 2007;1;10
"CABANG-470";"470";"PHI Mini Market - Lubuklinggau 04";"KOTA-024";"Lubuklinggau";7;2;29. Sep. 2007;1;10
"CABANG-471";"471";"PHI Mini Market - Pasuruan 08";"KOTA-062";"Pasuruan";5;1;30. Sep. 2007;1;10
"CABANG-472";"472";"PHI Mini Market - Tegal 07";"KOTA-055";"Tegal";8;2;9. Oct. 2007;1;10
"CABANG-473";"473";"PHI Mini Market - Jakarta Barat 06";"KOTA-045";"Jakarta Barat";6;2;10. Oct. 2007;1;10
"CABANG-474";"474";"PHI Mini Market - Tebing Tinggi 11";"KOTA-012";"Tebing Tinggi";7;2;17. Oct. 2007;1;10
"CABANG-475";"475";"PHI Mini Market - Jakarta Timur 08";"KOTA-048";"Jakarta Timur";5;1;21. Oct. 2007;1;10
"CABANG-476";"476";"PHI Mini Market - Tidore 08";"KOTA-093";"Tidore";8;2;30. Oct. 2007;1;10
"CABANG-477";"477";"PHI Mini Market - Tangerang  07";"KOTA-034";"Tangerang ";4;1;31. Oct. 2007;1;10
"CABANG-478";"478";"PHI Mini Market - Tanjung Pinang 10";"KOTA-032";"Tanjung Pinang";6;2;8. Nov. 2007;1;10
"CABANG-479";"479";"PHI Mini Market - Kotamobagu 03";"KOTA-089";"Kotamobagu";5;1;13. Nov. 2007;1;10
"CABANG-480";"480";"PHI Mini Market - Depok 07";"KOTA-042";"Depok";8;2;17. Nov. 2007;1;10
"CABANG-481";"481";"PHI Mini Market - Malang 09";"KOTA-060";"Malang";4;1;26. Nov. 2007;1;10
"CABANG-482";"482";"PHI Mini Market - Semarang 06";"KOTA-053";"Semarang";8;2;5. Dec. 2007;1;10
"CABANG-483";"483";"PHI Mini Market - Medan 08";"KOTA-007";"Medan";8;2;15. Dec. 2007;1;10
"CABANG-484";"484";"PHI Mini Market - Palangka Raya 07";"KOTA-074";"Palangka Raya";4;1;25. Dec. 2007;1;10
"CABANG-485";"485";"PHI Mini Market - Ternate 10";"KOTA-092";"Ternate";5;1;30. Dec. 2007;1;10
"CABANG-486";"486";"PHI Mini Market - Banda Aceh 03";"KOTA-001";"Banda Aceh";5;1;9. Jan. 2008;1;10
"CABANG-487";"487";"PHI Mini Market - Tebing Tinggi 12";"KOTA-012";"Tebing Tinggi";4;1;11. Jan. 2008;1;10
"CABANG-488";"488";"PHI Mini Market - Pagar Alam 09";"KOTA-025";"Pagar Alam";8;2;16. Jan. 2008;1;10
"CABANG-489";"489";"PHI Mini Market - Tebing Tinggi 13";"KOTA-012";"Tebing Tinggi";4;1;24. Jan. 2008;1;10
"CABANG-490";"490";"PHI Mini Market - Ternate 11";"KOTA-092";"Ternate";5;1;1. Feb. 2008;1;10
"CABANG-491";"491";"PHI Mini Market - Manado 05";"KOTA-087";"Manado";4;1;10. Feb. 2008;1;10
"CABANG-492";"492";"PHI Mini Market - Palopo 02";"KOTA-081";"Palopo";4;1;14. Feb. 2008;1;10
"CABANG-493";"493";"PHI Mini Market - Batu 04";"KOTA-056";"Batu";6;2;16. Feb. 2008;1;10
"CABANG-494";"494";"PHI Mini Market - Malang 10";"KOTA-060";"Malang";5;1;24. Feb. 2008;1;10
"CABANG-495";"495";"PHI Mini Market - Semarang 07";"KOTA-053";"Semarang";4;1;5. Mar. 2008;1;10
"CABANG-496";"496";"PHI Mini Market - Mojokerto 06";"KOTA-061";"Mojokerto";4;1;8. Mar. 2008;1;10
"CABANG-497";"497";"PHI Mini Market - Tebing Tinggi 14";"KOTA-012";"Tebing Tinggi";6;2;12. Mar. 2008;1;10
"CABANG-498";"498";"PHI Mini Market - Manado 06";"KOTA-087";"Manado";4;1;22. Mar. 2008;1;10
"CABANG-499";"499";"PHI Mini Market - Medan 09";"KOTA-007";"Medan";4;1;23. Mar. 2008;1;10
"CABANG-500";"500";"PHI Mini Market - Balikpapan 08";"KOTA-075";"Balikpapan";7;2;29. Mar. 2008;1;10