"nomor_random";"kode_cabang";"kode_karyawan";"nama_depan";"nama_belakang";"jenis_kelamin";"posisi";"tgl_masuk"
391;"to do";;"Agung";"Setiawan";"P";;
854;;;"Erna";"Siberut";"W";;
863;;;"Ayu";"Pekerti";"W";;
931;;;"Cahyono";"Setiawan";"P";;
97;;;"Indah";"Tenteram";"W";;
6;;;"Agung";"Alexander";"P";;
975;;;"Budi";"Tenteram";"P";;
729;;;"Cahya";"Margo";"W";;
766;;;"Eria";"Rukun";"W";;
424;;;"Cahya";"Menawan";"W";;
615;;;"Sentosa";"Widya";"P";;
627;;;"Kristina";"Alexander";"W";;
107;;;"Gita";"Selangit";"W";;
812;;;"Budiman";"Rukun";"P";;
666;;;"Kusuma";"Selangit";"P";;
490;;;"Cahyono";"Juang";"P";;
496;;;"Ayu";"Dewangga";"W";;
637;;;"Mulyo";"Pekerti";"P";;
448;;;"Aris";"Angkasa";"P";;
684;;;"Lastri";"Selangit";"W";;
342;;;"Irwandi";"Rukun";"P";;
644;;;"Jefrie";"Rukun";"P";;
302;;;"Harum";"Selangit";"W";;
969;;;"Bintang";"Mardi";"W";;
540;;;"Sentosa";"Siberut";"P";;
132;;;"Kusuma";"Jagat";"P";;
882;;;"Mawar";"Pekerti";"W";;
225;;;"Fanny";"Rukun";"W";;
405;;;"Agus";"Menawan";"P";;
771;;;"Mulyo";"Dewangga";"P";;
832;;;"Kristina";"Damai";"W";;
57;;;"Irwandi";"Margo";"P";;
3;;;"Intan";"Dominik";"W";;
237;;;"Erna";"Setiawan";"W";;
0;;;"Rasti";"Pekerti";"W";;
790;;;"Ferdy";"Siberut";"P";;
278;;;"Rasti";"Widya";"W";;
460;;;"Lastri";"Indrawan";"W";;
831;;;"Erman";"Angkasa";"P";;
897;;;"Natali";"Setiawan";"W";;
880;;;"Intan";"Setiawan";"W";;
748;;;"Budi";"Selangit";"P";;
107;;;"Gita";"Selangit";"W";;
400;;;"Ferdy";"Tenteram";"P";;
114;;;"Galang";"Pekerti";"P";;
578;;;"Ardhi";"Jagat";"P";;
704;;;"Indah";"Dominik";"W";;
251;;;"Mulia";"Rukun";"P";;
906;;;"Desita";"Dewangga";"W";;
342;;;"Irwandi";"Rukun";"P";;
486;;;"Erna";"Mardi";"W";;
252;;;"Desita";"Jagat";"W";;
173;;;"Galang";"Terang";"P";;
810;;;"Hardi";"Rukun";"P";;
26;;;"Erman";"Margo";"P";;
517;;;"Budi";"Jagat";"P";;
557;;;"Lastri";"Terang";"W";;
613;;;"Bulan";"Tenteram";"W";;
299;;;"Desita";"Dewangga";"W";;
34;;;"Mulia";"Setiawan";"P";;
863;;;"Ayu";"Pekerti";"W";;
508;;;"Ben";"Rukun";"P";;
993;;;"Lanny";"Tenteram";"W";;
346;;;"Eriq";"Jagat";"P";;
159;;;"Duma";"Damai";"W";;
728;;;"Kusuma";"Dewangga";"P";;
608;;;"Ahmad";"Indrawan";"P";;
868;;;"Ahmad";"Siberut";"P";;
922;;;"Lanny";"Jagat";"W";;
166;;;"Danny";"Alexander";"P";;
1;;;"Budi";"Ramah";"P";;
904;;;"Fanny";"Terang";"W";;
126;;;"Budiwati";"Juang";"W";;
718;;;"Mega";"Mardi";"W";;
514;;;"Eko";"Rukun";"P";;
869;;;"Natali";"Menawan";"W";;
717;;;"Ayu";"Alexander";"W";;
516;;;"Budiwati";"Dominik";"W";;
363;;;"Mariani";"Damai";"W";;
748;;;"Budi";"Selangit";"P";;
323;;;"Hardi";"Menawan";"P";;
383;;;"Niken";"Ramah";"W";;
432;;;"Rasti";"Dewangga";"W";;
346;;;"Eriq";"Jagat";"P";;
670;;;"Aris";"Setiawan";"P";;
248;;;"Kairo";"Widya";"P";;
132;;;"Kusuma";"Jagat";"P";;
330;;;"Mulyo";"Tenteram";"P";;
552;;;"Duma";"Santana";"W";;
831;;;"Erman";"Angkasa";"P";;
482;;;"Galang";"Santana";"P";;
617;;;"Intan";"Dominik";"W";;
808;;;"Cahyo";"Menawan";"P";;
363;;;"Mariani";"Damai";"W";;
62;;;"Hari";"Juang";"P";;
127;;;"Ahmad";"Damai";"P";;
172;;;"Kristina";"Sejahtera";"W";;
635;;;"Gita";"Dewangga";"W";;
8;;;"Erni";"Jagat";"W";;
443;;;"Ihsan";"Indrawan";"P";;
440;;;"Intan";"Santana";"W";;
141;;;"Ayu";"Sejahtera";"W";;
690;;;"Ferry";"Mada";"P";;
392;;;"Hardi";"Angkasa";"P";;
830;;;"Sentosa";"Indrawan";"P";;
619;;;"Lastri";"Indrawan";"W";;
230;;;"Galang";"Menawan";"P";;
101;;;"Erna";"Santana";"W";;
958;;;"Ahmad";"Dewangga";"P";;
743;;;"Mulia";"Maven";"P";;
541;;;"Aris";"Dominik";"P";;
536;;;"Eko";"Santana";"P";;
329;;;"Budiwati";"Dominik";"W";;
272;;;"Budiman";"Tenteram";"P";;
1;;;"Budi";"Ramah";"P";;
74;;;"Erman";"Margo";"P";;
758;;;"Bulan";"Mada";"W";;
427;;;"Intan";"Dominik";"W";;
462;;;"Cahyo";"Indrawan";"P";;
130;;;"Dario";"Dominik";"P";;
614;;;"Budi";"Menawan";"P";;
776;;;"Duma";"Maven";"W";;
712;;;"Desita";"Juang";"W";;
369;;;"Mega";"Ramah";"W";;
300;;;"Ika";"Dominik";"W";;
405;;;"Agus";"Menawan";"P";;
79;;;"Lastri";"Mardi";"W";;
538;;;"Cahya";"Terang";"W";;
887;;;"Gita";"Tenteram";"W";;
673;;;"Mariani";"Terang";"W";;
307;;;"Ika";"Santana";"W";;
452;;;"Desita";"Setiawan";"W";;
276;;;"Harum";"Maven";"W";;
306;;;"Budi";"Maven";"P";;
379;;;"Jefrie";"Rukun";"P";;
161;;;"Kristina";"Rukun";"W";;
842;;;"Hari";"Dominik";"P";;
144;;;"Darman";"Dominik";"P";;
429;;;"Agustina";"Dominik";"W";;
823;;;"Hari";"Pekerti";"P";;
913;;;"Agus";"Ramah";"P";;
282;;;"Ayu";"Selangit";"W";;
414;;;"Ardhi";"Sejahtera";"P";;
329;;;"Budiwati";"Dominik";"W";;
32;;;"Darman";"Damai";"P";;
927;;;"Intan";"Angkasa";"W";;
688;;;"Bintang";"Maven";"W";;
201;;;"Darman";"Siberut";"P";;
397;;;"Erman";"Juang";"P";;
723;;;"Fanny";"Selangit";"W";;
139;;;"Darsih";"Mardi";"W";;
795;;;"Desita";"Damai";"W";;
359;;;"Fanny";"Damai";"W";;
843;;;"Ardhi";"Alexander";"P";;
56;;;"Cahyo";"Rukun";"P";;
344;;;"Niken";"Setiawan";"W";;
432;;;"Rasti";"Dewangga";"W";;
612;;;"Ben";"Tenteram";"P";;
363;;;"Mariani";"Damai";"W";;
868;;;"Ahmad";"Siberut";"P";;
678;;;"Desita";"Damai";"W";;
963;;;"Erman";"Damai";"P";;
389;;;"Dario";"Ramah";"P";;
488;;;"Erna";"Pekerti";"W";;
903;;;"Mulyo";"Maven";"P";;
491;;;"Ardhi";"Tenteram";"P";;
834;;;"Bulan";"Angkasa";"W";;
166;;;"Danny";"Alexander";"P";;
546;;;"Dario";"Ramah";"P";;
390;;;"Cahyo";"Juang";"P";;
68;;;"Danny";"Mardi";"P";;
415;;;"Mega";"Setiawan";"W";;
688;;;"Bintang";"Maven";"W";;
63;;;"Agung";"Angkasa";"P";;
446;;;"Kairo";"Pekerti";"P";;
997;;;"Mulia";"Dewangga";"P";;
77;;;"Jaka";"Juang";"P";;
672;;;"Mawar";"Mada";"W";;
770;;;"Kristina";"Dewangga";"W";;
145;;;"Cahyono";"Maven";"P";;
576;;;"Eria";"Setiawan";"W";;
417;;;"Ben";"Juang";"P";;
571;;;"Budi";"Angkasa";"P";;
356;;;"Darsih";"Indrawan";"W";;
939;;;"Lastri";"Tenteram";"W";;
832;;;"Kristina";"Damai";"W";;
361;;;"Cahya";"Indrawan";"W";;
250;;;"Cahyo";"Tenteram";"P";;
324;;;"Kusuma";"Juang";"P";;
866;;;"Cahyo";"Selangit";"P";;
515;;;"Niken";"Jagat";"W";;
566;;;"Ferdy";"Pekerti";"P";;
456;;;"Jaka";"Jagat";"P";;
33;;;"Agustina";"Mardi";"W";;
923;;;"Indah";"Damai";"W";;
798;;;"Kairo";"Mardi";"P";;
827;;;"Erni";"Selangit";"W";;
428;;;"Aris";"Mardi";"P";;
100;;;"Eriq";"Juang";"P";;
519;;;"Indah";"Dewangga";"W";;
858;;;"Aris";"Pekerti";"P";;
862;;;"Ben";"Setiawan";"P";;
884;;;"Eriq";"Menawan";"P";;
915;;;"Ferry";"Terang";"P";;
422;;;"Niken";"Sejahtera";"W";;
925;;;"Aris";"Siberut";"P";;
376;;;"Eriq";"Rukun";"P";;
563;;;"Danny";"Siberut";"P";;
635;;;"Gita";"Dewangga";"W";;
238;;;"Cahyono";"Setiawan";"P";;
303;;;"Cahyono";"Dewangga";"P";;
984;;;"Agus";"Dewangga";"P";;
316;;;"Irwandi";"Dominik";"P";;
696;;;"Mawar";"Mardi";"W";;
442;;;"Ahmad";"Alexander";"P";;
4;;;"Darman";"Dewangga";"P";;
32;;;"Darman";"Damai";"P";;
951;;;"Cahya";"Indrawan";"W";;
256;;;"Ayu";"Menawan";"W";;
454;;;"Indah";"Jagat";"W";;
130;;;"Dario";"Dominik";"P";;
956;;;"Cahyono";"Dominik";"P";;
416;;;"Niken";"Indrawan";"W";;
234;;;"Danny";"Juang";"P";;
658;;;"Ben";"Selangit";"P";;
818;;;"Cahya";"Ramah";"W";;
355;;;"Niken";"Dominik";"W";;
286;;;"Budiman";"Maven";"P";;
583;;;"Mulia";"Pekerti";"P";;
760;;;"Cahyono";"Margo";"P";;
507;;;"Jaka";"Mada";"P";;
486;;;"Erna";"Mardi";"W";;
224;;;"Gita";"Dominik";"W";;
469;;;"Harum";"Terang";"W";;
396;;;"Agung";"Margo";"P";;
16;;;"Ika";"Mardi";"W";;
285;;;"Harum";"Sejahtera";"W";;
606;;;"Mulyo";"Siberut";"P";;
227;;;"Galang";"Indrawan";"P";;
211;;;"Agustina";"Dominik";"W";;
411;;;"Budiwati";"Dewangga";"W";;
763;;;"Bintang";"Tenteram";"W";;
129;;;"Erna";"Tenteram";"W";;
450;;;"Budiwati";"Ramah";"W";;
668;;;"Ardhi";"Juang";"P";;
655;;;"Cahya";"Terang";"W";;
723;;;"Fanny";"Selangit";"W";;
85;;;"Cahya";"Ramah";"W";;
853;;;"Intan";"Angkasa";"W";;
814;;;"Dario";"Juang";"P";;
148;;;"Cahya";"Tenteram";"W";;
978;;;"Mega";"Damai";"W";;
36;;;"Kristina";"Selangit";"W";;
578;;;"Ardhi";"Jagat";"P";;
230;;;"Galang";"Menawan";"P";;
635;;;"Gita";"Dewangga";"W";;
253;;;"Ahmad";"Dewangga";"P";;
656;;;"Mulyo";"Damai";"P";;
917;;;"Harum";"Angkasa";"W";;
514;;;"Eko";"Rukun";"P";;
740;;;"Aris";"Menawan";"P";;
33;;;"Agustina";"Mardi";"W";;
661;;;"Darman";"Maven";"P";;
494;;;"Darsih";"Setiawan";"W";;
622;;;"Intan";"Dominik";"W";;
529;;;"Jefrie";"Siberut";"P";;
905;;;"Desita";"Santana";"W";;
68;;;"Danny";"Mardi";"P";;
476;;;"Harum";"Setiawan";"W";;
758;;;"Bulan";"Mada";"W";;
303;;;"Cahyono";"Dewangga";"P";;
280;;;"Kristina";"Siberut";"W";;
640;;;"Ferdy";"Widya";"P";;
789;;;"Agung";"Selangit";"P";;
867;;;"Erman";"Mardi";"P";;
932;;;"Galang";"Tenteram";"P";;
717;;;"Ayu";"Alexander";"W";;
293;;;"Ihsan";"Alexander";"P";;
660;;;"Galang";"Siberut";"P";;
101;;;"Erna";"Santana";"W";;
143;;;"Mulia";"Alexander";"P";;
439;;;"Galang";"Setiawan";"P";;
230;;;"Galang";"Menawan";"P";;
497;;;"Fanny";"Tenteram";"W";;
257;;;"Fanny";"Angkasa";"W";;
335;;;"Kusuma";"Dominik";"P";;
403;;;"Hari";"Setiawan";"P";;
683;;;"Ayu";"Widya";"W";;
745;;;"Gita";"Alexander";"W";;
294;;;"Sentosa";"Indrawan";"P";;
618;;;"Ben";"Siberut";"P";;
699;;;"Duma";"Sejahtera";"W";;
896;;;"Rasti";"Juang";"W";;
701;;;"Galang";"Santana";"P";;
453;;;"Hari";"Mardi";"P";;
120;;;"Erni";"Maven";"W";;
562;;;"Mawar";"Angkasa";"W";;
765;;;"Kristina";"Sejahtera";"W";;
490;;;"Cahyono";"Juang";"P";;
77;;;"Jaka";"Juang";"P";;
226;;;"Natali";"Santana";"W";;
934;;;"Budiman";"Mardi";"P";;
190;;;"Ferry";"Jagat";"P";;
263;;;"Natali";"Rukun";"W";;
88;;;"Ferdy";"Widya";"P";;
265;;;"Kristina";"Widya";"W";;
918;;;"Harum";"Angkasa";"W";;
475;;;"Natali";"Terang";"W";;
575;;;"Agung";"Damai";"P";;
518;;;"Eko";"Angkasa";"P";;
787;;;"Budiwati";"Setiawan";"W";;
711;;;"Mulyo";"Rukun";"P";;
179;;;"Kusuma";"Terang";"P";;
253;;;"Ahmad";"Dewangga";"P";;
473;;;"Mega";"Angkasa";"W";;
349;;;"Bintang";"Mada";"W";;
41;;;"Budiwati";"Jagat";"W";;
734;;;"Erna";"Maven";"W";;
659;;;"Darsih";"Setiawan";"W";;
450;;;"Budiwati";"Ramah";"W";;
163;;;"Ayu";"Ramah";"W";;
886;;;"Erna";"Mardi";"W";;
251;;;"Mulia";"Rukun";"P";;
713;;;"Fanny";"Selangit";"W";;
681;;;"Kristina";"Widya";"W";;
123;;;"Mariani";"Selangit";"W";;
53;;;"Bulan";"Mada";"W";;
104;;;"Budiman";"Mada";"P";;
82;;;"Jaka";"Indrawan";"P";;
304;;;"Ayu";"Tenteram";"W";;
15;;;"Mega";"Jagat";"W";;
706;;;"Erni";"Pekerti";"W";;
801;;;"Hardi";"Terang";"P";;
596;;;"Jefrie";"Setiawan";"P";;
754;;;"Mulia";"Tenteram";"P";;
811;;;"Cahyo";"Rukun";"P";;
56;;;"Cahyo";"Rukun";"P";;
549;;;"Lanny";"Mada";"W";;
465;;;"Intan";"Damai";"W";;
781;;;"Lastri";"Widya";"W";;
390;;;"Cahyo";"Juang";"P";;
142;;;"Bintang";"Menawan";"W";;
913;;;"Agus";"Ramah";"P";;
729;;;"Cahya";"Margo";"W";;
766;;;"Eria";"Rukun";"W";;
89;;;"Aris";"Menawan";"P";;
630;;;"Kristina";"Menawan";"W";;
522;;;"Budiwati";"Selangit";"W";;
667;;;"Mawar";"Ramah";"W";;
188;;;"Budi";"Rukun";"P";;
4;;;"Darman";"Dewangga";"P";;
167;;;"Budiman";"Ramah";"P";;
74;;;"Erman";"Margo";"P";;
989;;;"Fanny";"Mada";"W";;
391;;;"Agung";"Setiawan";"P";;
87;;;"Lestari";"Pekerti";"W";;
757;;;"Erna";"Menawan";"W";;
567;;;"Mega";"Selangit";"W";;
916;;;"Budiwati";"Mada";"W";;
336;;;"Mulyo";"Ramah";"P";;
757;;;"Erna";"Menawan";"W";;
684;;;"Lastri";"Selangit";"W";;
125;;;"Ferdy";"Santana";"P";;
273;;;"Gita";"Dominik";"W";;
492;;;"Cahya";"Mardi";"W";;
111;;;"Lanny";"Ramah";"W";;
142;;;"Bintang";"Menawan";"W";;
730;;;"Natali";"Widya";"W";;
371;;;"Erni";"Angkasa";"W";;
400;;;"Ferdy";"Tenteram";"P";;
473;;;"Mega";"Angkasa";"W";;
207;;;"Erna";"Setiawan";"W";;
337;;;"Fanny";"Setiawan";"W";;
885;;;"Intan";"Margo";"W";;
131;;;"Budi";"Alexander";"P";;
125;;;"Ferdy";"Santana";"P";;
240;;;"Mega";"Angkasa";"W";;
185;;;"Mariani";"Damai";"W";;
235;;;"Eria";"Angkasa";"W";;
664;;;"Intan";"Sejahtera";"W";;
443;;;"Ihsan";"Indrawan";"P";;
20;;;"Desita";"Angkasa";"W";;
731;;;"Cahya";"Mada";"W";;
217;;;"Lanny";"Terang";"W";;
571;;;"Budi";"Angkasa";"P";;
569;;;"Duma";"Sejahtera";"W";;
392;;;"Hardi";"Angkasa";"P";;
6;;;"Agung";"Alexander";"P";;
816;;;"Dario";"Sejahtera";"P";;
201;;;"Darman";"Siberut";"P";;
773;;;"Eria";"Mada";"W";;
868;;;"Ahmad";"Siberut";"P";;
687;;;"Kusuma";"Jagat";"P";;
845;;;"Desita";"Mada";"W";;
243;;;"Ihsan";"Rukun";"P";;
753;;;"Ahmad";"Mada";"P";;
626;;;"Hardi";"Juang";"P";;
754;;;"Mulia";"Tenteram";"P";;
785;;;"Ferry";"Angkasa";"P";;
985;;;"Ahmad";"Indrawan";"P";;
394;;;"Erni";"Tenteram";"W";;
990;;;"Cahya";"Margo";"W";;
688;;;"Bintang";"Maven";"W";;
768;;;"Agung";"Terang";"P";;
627;;;"Kristina";"Alexander";"W";;
369;;;"Mega";"Ramah";"W";;
818;;;"Cahya";"Ramah";"W";;
28;;;"Darman";"Dewangga";"P";;
472;;;"Agus";"Widya";"P";;
186;;;"Darsih";"Alexander";"W";;
606;;;"Mulyo";"Siberut";"P";;
77;;;"Jaka";"Juang";"P";;
711;;;"Mulyo";"Rukun";"P";;
456;;;"Jaka";"Jagat";"P";;
404;;;"Danny";"Margo";"P";;
143;;;"Mulia";"Alexander";"P";;
281;;;"Cahyo";"Ramah";"P";;
997;;;"Mulia";"Dewangga";"P";;
388;;;"Harum";"Widya";"W";;
313;;;"Intan";"Santana";"W";;
583;;;"Mulia";"Pekerti";"P";;
107;;;"Gita";"Selangit";"W";;
640;;;"Ferdy";"Widya";"P";;
902;;;"Darsih";"Rukun";"W";;
506;;;"Budiwati";"Mardi";"W";;
135;;;"Lestari";"Rukun";"W";;
577;;;"Jaka";"Santana";"P";;
777;;;"Cahya";"Indrawan";"W";;
559;;;"Ayu";"Jagat";"W";;
704;;;"Indah";"Dominik";"W";;
391;;;"Agung";"Setiawan";"P";;
693;;;"Galang";"Setiawan";"P";;
17;;;"Sentosa";"Widya";"P";;
889;;;"Ihsan";"Mardi";"P";;
634;;;"Bulan";"Setiawan";"W";;
132;;;"Kusuma";"Jagat";"P";;
497;;;"Fanny";"Tenteram";"W";;
130;;;"Dario";"Dominik";"P";;
627;;;"Kristina";"Alexander";"W";;
722;;;"Mariani";"Mada";"W";;
859;;;"Hari";"Jagat";"P";;
143;;;"Mulia";"Alexander";"P";;
837;;;"Darman";"Dominik";"P";;
722;;;"Mariani";"Mada";"W";;
844;;;"Cahyono";"Selangit";"P";;
629;;;"Ferdy";"Damai";"P";;
878;;;"Galang";"Dominik";"P";;
641;;;"Jefrie";"Jagat";"P";;
361;;;"Cahya";"Indrawan";"W";;
50;;;"Eriq";"Siberut";"P";;
299;;;"Desita";"Dewangga";"W";;
505;;;"Erman";"Margo";"P";;
812;;;"Budiman";"Rukun";"P";;
269;;;"Niken";"Angkasa";"W";;
813;;;"Budiwati";"Maven";"W";;
801;;;"Hardi";"Terang";"P";;
381;;;"Erni";"Terang";"W";;
310;;;"Eko";"Damai";"P";;
113;;;"Ika";"Alexander";"W";;
633;;;"Kairo";"Selangit";"P";;
680;;;"Darsih";"Sejahtera";"W";;
46;;;"Ardhi";"Pekerti";"P";;
953;;;"Gita";"Pekerti";"W";;
131;;;"Budi";"Alexander";"P";;
664;;;"Intan";"Sejahtera";"W";;
80;;;"Hardi";"Jagat";"P";;
621;;;"Agus";"Selangit";"P";;
628;;;"Erna";"Pekerti";"W";;
219;;;"Ika";"Mardi";"W";;
603;;;"Jaka";"Ramah";"P";;
496;;;"Ayu";"Dewangga";"W";;
645;;;"Desita";"Damai";"W";;
332;;;"Darman";"Sejahtera";"P";;
513;;;"Lastri";"Dominik";"W";;
808;;;"Cahyo";"Menawan";"P";;
211;;;"Agustina";"Dominik";"W";;
244;;;"Fanny";"Dominik";"W";;
577;;;"Jaka";"Santana";"P";;
282;;;"Ayu";"Selangit";"W";;
565;;;"Gunawan";"Jagat";"P";;
500;;;"Desita";"Selangit";"W";;
914;;;"Mulyo";"Ramah";"P";;
822;;;"Ardhi";"Margo";"P";;
738;;;"Ardhi";"Rukun";"P";;
289;;;"Agus";"Setiawan";"P";;
577;;;"Jaka";"Santana";"P";;
870;;;"Darsih";"Pekerti";"W";;
82;;;"Jaka";"Indrawan";"P";;
6;;;"Agung";"Alexander";"P";;
528;;;"Desita";"Dewangga";"W";;
621;;;"Agus";"Selangit";"P";;
263;;;"Natali";"Rukun";"W";;
407;;;"Danny";"Setiawan";"P";;
775;;;"Irwandi";"Dewangga";"P";;
742;;;"Kairo";"Maven";"P";;
731;;;"Cahya";"Mada";"W";;
287;;;"Sentosa";"Alexander";"P";;
951;;;"Cahya";"Indrawan";"W";;
737;;;"Hari";"Dominik";"P";;
237;;;"Erna";"Setiawan";"W";;
94;;;"Duma";"Margo";"W";;
132;;;"Kusuma";"Jagat";"P";;
643;;;"Ahmad";"Rukun";"P";;
392;;;"Hardi";"Angkasa";"P";;
355;;;"Niken";"Dominik";"W";;
159;;;"Duma";"Damai";"W";;
177;;;"Hari";"Santana";"P";;
820;;;"Aris";"Terang";"P";;
348;;;"Darsih";"Tenteram";"W";;
247;;;"Aris";"Widya";"P";;
32;;;"Darman";"Damai";"P";;
926;;;"Dario";"Jagat";"P";;
918;;;"Harum";"Angkasa";"W";;
177;;;"Hari";"Santana";"P";;
437;;;"Kairo";"Rukun";"P";;
821;;;"Mariani";"Margo";"W";;
834;;;"Bulan";"Angkasa";"W";;
828;;;"Ferdy";"Juang";"P";;
668;;;"Ardhi";"Juang";"P";;
422;;;"Niken";"Sejahtera";"W";;
613;;;"Bulan";"Tenteram";"W";;
357;;;"Cahyo";"Dewangga";"P";;
650;;;"Desita";"Indrawan";"W";;
268;;;"Aris";"Siberut";"P";;
190;;;"Ferry";"Jagat";"P";;
787;;;"Budiwati";"Setiawan";"W";;
312;;;"Bulan";"Mardi";"W";;
81;;;"Hari";"Dominik";"P";;
374;;;"Ferdy";"Pekerti";"P";;
293;;;"Ihsan";"Alexander";"P";;
854;;;"Erna";"Siberut";"W";;
599;;;"Cahyo";"Jagat";"P";;
457;;;"Cahyo";"Widya";"P";;
969;;;"Bintang";"Mardi";"W";;
566;;;"Ferdy";"Pekerti";"P";;
718;;;"Mega";"Mardi";"W";;
921;;;"Natali";"Menawan";"W";;
351;;;"Gunawan";"Dewangga";"P";;
386;;;"Cahyono";"Alexander";"P";;
474;;;"Aris";"Damai";"P";;
621;;;"Agus";"Selangit";"P";;
491;;;"Ardhi";"Tenteram";"P";;
821;;;"Mariani";"Margo";"W";;
890;;;"Irwandi";"Menawan";"P";;
365;;;"Lanny";"Damai";"W";;
836;;;"Mawar";"Indrawan";"W";;
405;;;"Agus";"Menawan";"P";;
222;;;"Cahyono";"Mardi";"P";;
293;;;"Ihsan";"Alexander";"P";;
726;;;"Agustina";"Maven";"W";;
348;;;"Darsih";"Tenteram";"W";;
649;;;"Harum";"Mardi";"W";;
957;;;"Kusuma";"Alexander";"P";;
770;;;"Kristina";"Dewangga";"W";;
532;;;"Agung";"Sejahtera";"P";;
905;;;"Desita";"Santana";"W";;
513;;;"Lastri";"Dominik";"W";;
889;;;"Ihsan";"Mardi";"P";;
501;;;"Mulia";"Alexander";"P";;
926;;;"Dario";"Jagat";"P";;
942;;;"Gunawan";"Alexander";"P";;
307;;;"Ika";"Santana";"W";;
621;;;"Agus";"Selangit";"P";;
8;;;"Erni";"Jagat";"W";;
671;;;"Duma";"Pekerti";"W";;
268;;;"Aris";"Siberut";"P";;
46;;;"Ardhi";"Pekerti";"P";;
530;;;"Lastri";"Mardi";"W";;
553;;;"Agus";"Margo";"P";;
767;;;"Mega";"Margo";"W";;
657;;;"Kairo";"Damai";"P";;
759;;;"Erni";"Juang";"W";;
559;;;"Ayu";"Jagat";"W";;
66;;;"Jaka";"Sejahtera";"P";;
625;;;"Irwandi";"Rukun";"P";;
778;;;"Desita";"Terang";"W";;
125;;;"Ferdy";"Santana";"P";;
293;;;"Ihsan";"Alexander";"P";;
768;;;"Agung";"Terang";"P";;
64;;;"Ferry";"Sejahtera";"P";;
548;;;"Niken";"Setiawan";"W";;
881;;;"Intan";"Jagat";"W";;
332;;;"Darman";"Sejahtera";"P";;
749;;;"Niken";"Dewangga";"W";;
329;;;"Budiwati";"Dominik";"W";;
145;;;"Cahyono";"Maven";"P";;
379;;;"Jefrie";"Rukun";"P";;
84;;;"Rasti";"Jagat";"W";;
888;;;"Erna";"Maven";"W";;
792;;;"Jaka";"Angkasa";"P";;
422;;;"Niken";"Sejahtera";"W";;
165;;;"Aris";"Angkasa";"P";;
536;;;"Eko";"Santana";"P";;
598;;;"Jefrie";"Damai";"P";;
473;;;"Mega";"Angkasa";"W";;
416;;;"Niken";"Indrawan";"W";;
132;;;"Kusuma";"Jagat";"P";;
93;;;"Lastri";"Alexander";"W";;
146;;;"Ika";"Dominik";"W";;
893;;;"Ardhi";"Dominik";"P";;
309;;;"Ben";"Maven";"P";;
486;;;"Erna";"Mardi";"W";;
992;;;"Budi";"Maven";"P";;
914;;;"Mulyo";"Ramah";"P";;
693;;;"Galang";"Setiawan";"P";;
638;;;"Ardhi";"Dominik";"P";;
702;;;"Eria";"Selangit";"W";;
69;;;"Kusuma";"Damai";"P";;
12;;;"Ardhi";"Rukun";"P";;
359;;;"Fanny";"Damai";"W";;
350;;;"Darman";"Ramah";"P";;
128;;;"Mega";"Dewangga";"W";;
510;;;"Ika";"Alexander";"W";;
807;;;"Mulyo";"Sejahtera";"P";;
321;;;"Erman";"Selangit";"P";;
867;;;"Erman";"Mardi";"P";;
552;;;"Duma";"Santana";"W";;
268;;;"Aris";"Siberut";"P";;
85;;;"Cahya";"Ramah";"W";;
376;;;"Eriq";"Rukun";"P";;
858;;;"Aris";"Pekerti";"P";;
111;;;"Lanny";"Ramah";"W";;
476;;;"Harum";"Setiawan";"W";;
857;;;"Kusuma";"Santana";"P";;
238;;;"Cahyono";"Setiawan";"P";;
178;;;"Fanny";"Santana";"W";;
624;;;"Agustina";"Rukun";"W";;
431;;;"Lestari";"Dewangga";"W";;
267;;;"Hari";"Alexander";"P";;
414;;;"Ardhi";"Sejahtera";"P";;
208;;;"Hari";"Santana";"P";;
26;;;"Erman";"Margo";"P";;
775;;;"Irwandi";"Dewangga";"P";;
999;;;"Darsih";"Menawan";"W";;
175;;;"Cahya";"Mada";"W";;
836;;;"Mawar";"Indrawan";"W";;
581;;;"Ferry";"Mada";"P";;
775;;;"Irwandi";"Dewangga";"P";;
589;;;"Bulan";"Mardi";"W";;
401;;;"Kusuma";"Siberut";"P";;
370;;;"Cahyo";"Tenteram";"P";;
246;;;"Cahya";"Setiawan";"W";;
756;;;"Ahmad";"Damai";"P";;
848;;;"Kusuma";"Menawan";"P";;
120;;;"Erni";"Maven";"W";;
928;;;"Bulan";"Indrawan";"W";;
299;;;"Desita";"Dewangga";"W";;
299;;;"Desita";"Dewangga";"W";;
978;;;"Mega";"Damai";"W";;
331;;;"Gunawan";"Selangit";"P";;
326;;;"Ihsan";"Damai";"P";;
5;;;"Harum";"Santana";"W";;
999;;;"Darsih";"Menawan";"W";;
373;;;"Mawar";"Mardi";"W";;
339;;;"Lestari";"Indrawan";"W";;
213;;;"Darman";"Alexander";"P";;
659;;;"Darsih";"Setiawan";"W";;
466;;;"Eriq";"Dewangga";"P";;
67;;;"Agung";"Maven";"P";;
316;;;"Irwandi";"Dominik";"P";;
535;;;"Ahmad";"Widya";"P";;
104;;;"Budiman";"Mada";"P";;
857;;;"Kusuma";"Santana";"P";;
309;;;"Ben";"Maven";"P";;
69;;;"Kusuma";"Damai";"P";;
199;;;"Budiwati";"Alexander";"W";;
775;;;"Irwandi";"Dewangga";"P";;
78;;;"Hardi";"Alexander";"P";;
814;;;"Dario";"Juang";"P";;
956;;;"Cahyono";"Dominik";"P";;
105;;;"Eko";"Setiawan";"P";;
562;;;"Mawar";"Angkasa";"W";;
75;;;"Rasti";"Mada";"W";;
578;;;"Ardhi";"Jagat";"P";;
370;;;"Cahyo";"Tenteram";"P";;
316;;;"Irwandi";"Dominik";"P";;
355;;;"Niken";"Dominik";"W";;
571;;;"Budi";"Angkasa";"P";;
532;;;"Agung";"Sejahtera";"P";;
503;;;"Erna";"Selangit";"W";;
491;;;"Ardhi";"Tenteram";"P";;
933;;;"Lanny";"Santana";"W";;
557;;;"Lastri";"Terang";"W";;
852;;;"Jefrie";"Damai";"P";;
918;;;"Harum";"Angkasa";"W";;
5;;;"Harum";"Santana";"W";;
973;;;"Lestari";"Dewangga";"W";;
604;;;"Mulyo";"Ramah";"P";;
939;;;"Lastri";"Tenteram";"W";;
285;;;"Harum";"Sejahtera";"W";;
583;;;"Mulia";"Pekerti";"P";;
993;;;"Lanny";"Tenteram";"W";;
425;;;"Rasti";"Sejahtera";"W";;
948;;;"Ihsan";"Terang";"P";;
997;;;"Mulia";"Dewangga";"P";;
275;;;"Bintang";"Ramah";"W";;
843;;;"Ardhi";"Alexander";"P";;
389;;;"Dario";"Ramah";"P";;
134;;;"Hardi";"Angkasa";"P";;
851;;;"Ahmad";"Setiawan";"P";;
15;;;"Mega";"Jagat";"W";;
563;;;"Danny";"Siberut";"P";;
354;;;"Jaka";"Menawan";"P";;
501;;;"Mulia";"Alexander";"P";;
536;;;"Eko";"Santana";"P";;
381;;;"Erni";"Terang";"W";;
361;;;"Cahya";"Indrawan";"W";;
281;;;"Cahyo";"Ramah";"P";;
218;;;"Mulyo";"Rukun";"P";;
973;;;"Lestari";"Dewangga";"W";;
564;;;"Eria";"Alexander";"W";;
90;;;"Budiman";"Widya";"P";;
506;;;"Budiwati";"Mardi";"W";;
75;;;"Rasti";"Mada";"W";;
16;;;"Ika";"Mardi";"W";;
453;;;"Hari";"Mardi";"P";;
252;;;"Desita";"Jagat";"W";;
346;;;"Eriq";"Jagat";"P";;
619;;;"Lastri";"Indrawan";"W";;
554;;;"Mawar";"Selangit";"W";;
752;;;"Budiman";"Terang";"P";;
868;;;"Ahmad";"Siberut";"P";;
726;;;"Agustina";"Maven";"W";;
35;;;"Galang";"Alexander";"P";;
457;;;"Cahyo";"Widya";"P";;
630;;;"Kristina";"Menawan";"W";;
816;;;"Dario";"Sejahtera";"P";;
613;;;"Bulan";"Tenteram";"W";;
274;;;"Cahyo";"Dewangga";"P";;
274;;;"Cahyo";"Dewangga";"P";;
385;;;"Eko";"Ramah";"P";;
17;;;"Sentosa";"Widya";"P";;
839;;;"Irwandi";"Damai";"P";;
885;;;"Intan";"Margo";"W";;
716;;;"Lanny";"Widya";"W";;
321;;;"Erman";"Selangit";"P";;
691;;;"Ahmad";"Mardi";"P";;
89;;;"Aris";"Menawan";"P";;
678;;;"Desita";"Damai";"W";;
148;;;"Cahya";"Tenteram";"W";;
746;;;"Ayu";"Rukun";"W";;
271;;;"Lastri";"Santana";"W";;
224;;;"Gita";"Dominik";"W";;
828;;;"Ferdy";"Juang";"P";;
971;;;"Mulia";"Rukun";"P";;
170;;;"Kristina";"Margo";"W";;
722;;;"Mariani";"Mada";"W";;
4;;;"Darman";"Dewangga";"P";;
673;;;"Mariani";"Terang";"W";;
637;;;"Mulyo";"Pekerti";"P";;
799;;;"Irwandi";"Dewangga";"P";;
747;;;"Kristina";"Dominik";"W";;
302;;;"Harum";"Selangit";"W";;
850;;;"Duma";"Mada";"W";;
836;;;"Mawar";"Indrawan";"W";;
679;;;"Hari";"Juang";"P";;
184;;;"Erni";"Mada";"W";;
745;;;"Gita";"Alexander";"W";;
782;;;"Ahmad";"Jagat";"P";;
168;;;"Agung";"Terang";"P";;
77;;;"Jaka";"Juang";"P";;
971;;;"Mulia";"Rukun";"P";;
434;;;"Cahyo";"Ramah";"P";;
101;;;"Erna";"Santana";"W";;
968;;;"Lanny";"Menawan";"W";;
118;;;"Niken";"Damai";"W";;
854;;;"Erna";"Siberut";"W";;
283;;;"Mulyo";"Margo";"P";;
8;;;"Erni";"Jagat";"W";;
543;;;"Ferdy";"Dominik";"P";;
49;;;"Ihsan";"Mada";"P";;
978;;;"Mega";"Damai";"W";;
5;;;"Harum";"Santana";"W";;
516;;;"Budiwati";"Dominik";"W";;
621;;;"Agus";"Selangit";"P";;
639;;;"Budi";"Rukun";"P";;
361;;;"Cahya";"Indrawan";"W";;
33;;;"Agustina";"Mardi";"W";;
475;;;"Natali";"Terang";"W";;
353;;;"Gita";"Ramah";"W";;
878;;;"Galang";"Dominik";"P";;
26;;;"Erman";"Margo";"P";;
318;;;"Hardi";"Tenteram";"P";;
19;;;"Kairo";"Rukun";"P";;
325;;;"Erni";"Angkasa";"W";;
274;;;"Cahyo";"Dewangga";"P";;
33;;;"Agustina";"Mardi";"W";;
811;;;"Cahyo";"Rukun";"P";;
189;;;"Eria";"Juang";"W";;
795;;;"Desita";"Damai";"W";;
643;;;"Ahmad";"Rukun";"P";;
944;;;"Erni";"Mada";"W";;
496;;;"Ayu";"Dewangga";"W";;
996;;;"Budiwati";"Terang";"W";;
974;;;"Rasti";"Maven";"W";;
280;;;"Kristina";"Siberut";"W";;
119;;;"Agus";"Alexander";"P";;
365;;;"Lanny";"Damai";"W";;
712;;;"Desita";"Juang";"W";;
803;;;"Ben";"Indrawan";"P";;
491;;;"Ardhi";"Tenteram";"P";;
988;;;"Galang";"Mardi";"P";;
988;;;"Galang";"Mardi";"P";;
486;;;"Erna";"Mardi";"W";;
96;;;"Lestari";"Ramah";"W";;
660;;;"Galang";"Siberut";"P";;
142;;;"Bintang";"Menawan";"W";;
606;;;"Mulyo";"Siberut";"P";;
688;;;"Bintang";"Maven";"W";;
890;;;"Irwandi";"Menawan";"P";;
857;;;"Kusuma";"Santana";"P";;
7;;;"Erna";"Rukun";"W";;
600;;;"Cahyono";"Mardi";"P";;
570;;;"Erman";"Jagat";"P";;
260;;;"Agung";"Dominik";"P";;
366;;;"Dario";"Indrawan";"P";;
88;;;"Ferdy";"Widya";"P";;
591;;;"Mega";"Terang";"W";;
221;;;"Natali";"Mada";"W";;
977;;;"Mega";"Margo";"W";;
87;;;"Lestari";"Pekerti";"W";;
184;;;"Erni";"Mada";"W";;
431;;;"Lestari";"Dewangga";"W";;
98;;;"Lestari";"Ramah";"W";;
303;;;"Cahyono";"Dewangga";"P";;
276;;;"Harum";"Maven";"W";;
475;;;"Natali";"Terang";"W";;
388;;;"Harum";"Widya";"W";;
41;;;"Budiwati";"Jagat";"W";;
633;;;"Kairo";"Selangit";"P";;
518;;;"Eko";"Angkasa";"P";;
452;;;"Desita";"Setiawan";"W";;
671;;;"Duma";"Pekerti";"W";;
77;;;"Jaka";"Juang";"P";;
783;;;"Ferry";"Angkasa";"P";;
46;;;"Ardhi";"Pekerti";"P";;
149;;;"Lestari";"Tenteram";"W";;
561;;;"Lanny";"Angkasa";"W";;
462;;;"Cahyo";"Indrawan";"P";;
965;;;"Gita";"Jagat";"W";;
490;;;"Cahyono";"Juang";"P";;
365;;;"Lanny";"Damai";"W";;
228;;;"Aris";"Alexander";"P";;
129;;;"Erna";"Tenteram";"W";;
603;;;"Jaka";"Ramah";"P";;
227;;;"Galang";"Indrawan";"P";;
994;;;"Lastri";"Tenteram";"W";;
938;;;"Hardi";"Mada";"P";;
389;;;"Dario";"Ramah";"P";;
656;;;"Mulyo";"Damai";"P";;
80;;;"Hardi";"Jagat";"P";;
377;;;"Dario";"Ramah";"P";;
523;;;"Ahmad";"Indrawan";"P";;
226;;;"Natali";"Santana";"W";;
458;;;"Agung";"Angkasa";"P";;
946;;;"Budiwati";"Juang";"W";;
807;;;"Mulyo";"Sejahtera";"P";;
144;;;"Darman";"Dominik";"P";;
191;;;"Intan";"Mardi";"W";;
916;;;"Budiwati";"Mada";"W";;
511;;;"Mulyo";"Selangit";"P";;
836;;;"Mawar";"Indrawan";"W";;
778;;;"Desita";"Terang";"W";;
961;;;"Duma";"Santana";"W";;
612;;;"Ben";"Tenteram";"P";;
871;;;"Indah";"Widya";"W";;
510;;;"Ika";"Alexander";"W";;
690;;;"Ferry";"Mada";"P";;
324;;;"Kusuma";"Juang";"P";;
987;;;"Niken";"Angkasa";"W";;
532;;;"Agung";"Sejahtera";"P";;
106;;;"Fanny";"Sejahtera";"W";;
841;;;"Aris";"Tenteram";"P";;
498;;;"Mawar";"Selangit";"W";;
735;;;"Eria";"Selangit";"W";;
536;;;"Eko";"Santana";"P";;
680;;;"Darsih";"Sejahtera";"W";;
868;;;"Ahmad";"Siberut";"P";;
164;;;"Ardhi";"Alexander";"P";;
41;;;"Budiwati";"Jagat";"W";;
557;;;"Lastri";"Terang";"W";;
730;;;"Natali";"Widya";"W";;
76;;;"Kairo";"Indrawan";"P";;
872;;;"Eriq";"Jagat";"P";;
173;;;"Galang";"Terang";"P";;
141;;;"Ayu";"Sejahtera";"W";;
315;;;"Rasti";"Angkasa";"W";;
958;;;"Ahmad";"Dewangga";"P";;
842;;;"Hari";"Dominik";"P";;
339;;;"Lestari";"Indrawan";"W";;
156;;;"Ika";"Siberut";"W";;
8;;;"Erni";"Jagat";"W";;
338;;;"Budi";"Juang";"P";;
794;;;"Harum";"Setiawan";"W";;
279;;;"Lastri";"Mada";"W";;
213;;;"Darman";"Alexander";"P";;
909;;;"Erna";"Selangit";"W";;
832;;;"Kristina";"Damai";"W";;
23;;;"Darman";"Ramah";"P";;
100;;;"Eriq";"Juang";"P";;
816;;;"Dario";"Sejahtera";"P";;
609;;;"Aris";"Margo";"P";;
584;;;"Erman";"Maven";"P";;
583;;;"Mulia";"Pekerti";"P";;
341;;;"Gunawan";"Dewangga";"P";;
729;;;"Cahya";"Margo";"W";;
301;;;"Erni";"Mada";"W";;
704;;;"Indah";"Dominik";"W";;
656;;;"Mulyo";"Damai";"P";;
264;;;"Agus";"Dewangga";"P";;
702;;;"Eria";"Selangit";"W";;
140;;;"Galang";"Mardi";"P";;
452;;;"Desita";"Setiawan";"W";;
483;;;"Niken";"Mada";"W";;
454;;;"Indah";"Jagat";"W";;
973;;;"Lestari";"Dewangga";"W";;
748;;;"Budi";"Selangit";"P";;
53;;;"Bulan";"Mada";"W";;
879;;;"Duma";"Alexander";"W";;
762;;;"Hardi";"Dominik";"P";;
778;;;"Desita";"Terang";"W";;
5;;;"Harum";"Santana";"W";;
187;;;"Ardhi";"Terang";"P";;
471;;;"Agung";"Terang";"P";;
365;;;"Lanny";"Damai";"W";;
235;;;"Eria";"Angkasa";"W";;
92;;;"Budiman";"Menawan";"P";;
250;;;"Cahyo";"Tenteram";"P";;
689;;;"Darman";"Siberut";"P";;
832;;;"Kristina";"Damai";"W";;
960;;;"Mega";"Terang";"W";;
622;;;"Intan";"Dominik";"W";;
846;;;"Ihsan";"Mada";"P";;
5;;;"Harum";"Santana";"W";;
134;;;"Hardi";"Angkasa";"P";;
97;;;"Indah";"Tenteram";"W";;
125;;;"Ferdy";"Santana";"P";;
906;;;"Desita";"Dewangga";"W";;
633;;;"Kairo";"Selangit";"P";;
764;;;"Mega";"Rukun";"W";;
389;;;"Dario";"Ramah";"P";;
96;;;"Lestari";"Ramah";"W";;
817;;;"Aris";"Siberut";"P";;
854;;;"Erna";"Siberut";"W";;
467;;;"Cahyono";"Ramah";"P";;
989;;;"Fanny";"Mada";"W";;
240;;;"Mega";"Angkasa";"W";;
851;;;"Ahmad";"Setiawan";"P";;
986;;;"Budiman";"Setiawan";"P";;
994;;;"Lastri";"Tenteram";"W";;
303;;;"Cahyono";"Dewangga";"P";;
140;;;"Galang";"Mardi";"P";;
515;;;"Niken";"Jagat";"W";;
694;;;"Intan";"Mardi";"W";;
880;;;"Intan";"Setiawan";"W";;
763;;;"Bintang";"Tenteram";"W";;
464;;;"Natali";"Mardi";"W";;
792;;;"Jaka";"Angkasa";"P";;
569;;;"Duma";"Sejahtera";"W";;
271;;;"Lastri";"Santana";"W";;
608;;;"Ahmad";"Indrawan";"P";;
149;;;"Lestari";"Tenteram";"W";;
735;;;"Eria";"Selangit";"W";;
250;;;"Cahyo";"Tenteram";"P";;
670;;;"Aris";"Setiawan";"P";;
662;;;"Aris";"Menawan";"P";;
980;;;"Niken";"Widya";"W";;
512;;;"Duma";"Ramah";"W";;
860;;;"Danny";"Dewangga";"P";;
282;;;"Ayu";"Selangit";"W";;
218;;;"Mulyo";"Rukun";"P";;
502;;;"Aris";"Ramah";"P";;
766;;;"Eria";"Rukun";"W";;
951;;;"Cahya";"Indrawan";"W";;
0;;;"Rasti";"Pekerti";"W";;
958;;;"Ahmad";"Dewangga";"P";;
525;;;"Duma";"Terang";"W";;
727;;;"Bulan";"Menawan";"W";;
242;;;"Ferry";"Damai";"P";;
331;;;"Gunawan";"Selangit";"P";;
656;;;"Mulyo";"Damai";"P";;
901;;;"Kairo";"Tenteram";"P";;
25;;;"Ferdy";"Maven";"P";;
33;;;"Agustina";"Mardi";"W";;
483;;;"Niken";"Mada";"W";;
361;;;"Cahya";"Indrawan";"W";;
613;;;"Bulan";"Tenteram";"W";;
998;;;"Sentosa";"Terang";"P";;
537;;;"Mulyo";"Indrawan";"P";;
4;;;"Darman";"Dewangga";"P";;
340;;;"Ayu";"Rukun";"W";;
628;;;"Erna";"Pekerti";"W";;
855;;;"Mariani";"Mardi";"W";;
468;;;"Jaka";"Mardi";"P";;
548;;;"Niken";"Setiawan";"W";;
643;;;"Ahmad";"Rukun";"P";;
575;;;"Agung";"Damai";"P";;
969;;;"Bintang";"Mardi";"W";;
196;;;"Harum";"Jagat";"W";;
845;;;"Desita";"Mada";"W";;
740;;;"Aris";"Menawan";"P";;
519;;;"Indah";"Dewangga";"W";;
326;;;"Ihsan";"Damai";"P";;
364;;;"Niken";"Maven";"W";;
707;;;"Mega";"Margo";"W";;
319;;;"Desita";"Selangit";"W";;
24;;;"Agus";"Ramah";"P";;
383;;;"Niken";"Ramah";"W";;
79;;;"Lastri";"Mardi";"W";;
585;;;"Cahyo";"Maven";"P";;
49;;;"Ihsan";"Mada";"P";;
900;;;"Ferry";"Juang";"P";;
563;;;"Danny";"Siberut";"P";;
618;;;"Ben";"Siberut";"P";;
764;;;"Mega";"Rukun";"W";;
537;;;"Mulyo";"Indrawan";"P";;
645;;;"Desita";"Damai";"W";;
372;;;"Galang";"Angkasa";"P";;
545;;;"Agus";"Widya";"P";;
948;;;"Ihsan";"Terang";"P";;
520;;;"Erna";"Margo";"W";;
316;;;"Irwandi";"Dominik";"P";;
319;;;"Desita";"Selangit";"W";;
832;;;"Kristina";"Damai";"W";;
151;;;"Darman";"Selangit";"P";;
878;;;"Galang";"Dominik";"P";;
379;;;"Jefrie";"Rukun";"P";;
108;;;"Ika";"Juang";"W";;
880;;;"Intan";"Setiawan";"W";;
222;;;"Cahyono";"Mardi";"P";;
143;;;"Mulia";"Alexander";"P";;
270;;;"Kristina";"Angkasa";"W";;
494;;;"Darsih";"Setiawan";"W";;
684;;;"Lastri";"Selangit";"W";;
5;;;"Harum";"Santana";"W";;
448;;;"Aris";"Angkasa";"P";;
161;;;"Kristina";"Rukun";"W";;
601;;;"Dario";"Siberut";"P";;
945;;;"Ben";"Ramah";"P";;
218;;;"Mulyo";"Rukun";"P";;
117;;;"Bulan";"Pekerti";"W";;
858;;;"Aris";"Pekerti";"P";;
32;;;"Darman";"Damai";"P";;
692;;;"Jaka";"Rukun";"P";;
538;;;"Cahya";"Terang";"W";;
897;;;"Natali";"Setiawan";"W";;
517;;;"Budi";"Jagat";"P";;
904;;;"Fanny";"Terang";"W";;
494;;;"Darsih";"Setiawan";"W";;
495;;;"Ahmad";"Damai";"P";;
618;;;"Ben";"Siberut";"P";;
41;;;"Budiwati";"Jagat";"W";;
379;;;"Jefrie";"Rukun";"P";;
81;;;"Hari";"Dominik";"P";;
701;;;"Galang";"Santana";"P";;
547;;;"Ferdy";"Widya";"P";;
747;;;"Kristina";"Dominik";"W";;
875;;;"Ardhi";"Dewangga";"P";;
990;;;"Cahya";"Margo";"W";;
614;;;"Budi";"Menawan";"P";;
931;;;"Cahyono";"Setiawan";"P";;
627;;;"Kristina";"Alexander";"W";;
461;;;"Darsih";"Terang";"W";;
117;;;"Bulan";"Pekerti";"W";;
382;;;"Duma";"Selangit";"W";;
247;;;"Aris";"Widya";"P";;
89;;;"Aris";"Menawan";"P";;
510;;;"Ika";"Alexander";"W";;
112;;;"Intan";"Angkasa";"W";;
100;;;"Eriq";"Juang";"P";;
94;;;"Duma";"Margo";"W";;
708;;;"Ika";"Angkasa";"W";;
154;;;"Aris";"Dominik";"P";;
243;;;"Ihsan";"Rukun";"P";;
343;;;"Erna";"Dominik";"W";;
505;;;"Erman";"Margo";"P";;
447;;;"Natali";"Siberut";"W";;
392;;;"Hardi";"Angkasa";"P";;
566;;;"Ferdy";"Pekerti";"P";;
541;;;"Aris";"Dominik";"P";;
54;;;"Budiwati";"Juang";"W";;
907;;;"Budi";"Mardi";"P";;
553;;;"Agus";"Margo";"P";;
363;;;"Mariani";"Damai";"W";;
111;;;"Lanny";"Ramah";"W";;
557;;;"Lastri";"Terang";"W";;
962;;;"Harum";"Dominik";"W";;
599;;;"Cahyo";"Jagat";"P";;
424;;;"Cahya";"Menawan";"W";;
362;;;"Duma";"Indrawan";"W";;
921;;;"Natali";"Menawan";"W";;
784;;;"Agustina";"Widya";"W";;
108;;;"Ika";"Juang";"W";;
291;;;"Agus";"Setiawan";"P";;
69;;;"Kusuma";"Damai";"P";;
875;;;"Ardhi";"Dewangga";"P";;
192;;;"Kairo";"Mardi";"P";;
90;;;"Budiman";"Widya";"P";;
189;;;"Eria";"Juang";"W";;
964;;;"Agung";"Pekerti";"P";;
571;;;"Budi";"Angkasa";"P";;
29;;;"Mulyo";"Dewangga";"P";;
91;;;"Eko";"Mada";"P";;
253;;;"Ahmad";"Dewangga";"P";;
238;;;"Cahyono";"Setiawan";"P";;
847;;;"Eria";"Ramah";"W";;
913;;;"Agus";"Ramah";"P";;
790;;;"Ferdy";"Siberut";"P";;
185;;;"Mariani";"Damai";"W";;
668;;;"Ardhi";"Juang";"P";;
473;;;"Mega";"Angkasa";"W";;
14;;;"Ardhi";"Widya";"P";;
883;;;"Sentosa";"Sejahtera";"P";;
190;;;"Ferry";"Jagat";"P";;
854;;;"Erna";"Siberut";"W";;
654;;;"Dario";"Angkasa";"P";;
746;;;"Ayu";"Rukun";"W";;
907;;;"Budi";"Mardi";"P";;
857;;;"Kusuma";"Santana";"P";;
965;;;"Gita";"Jagat";"W";;
498;;;"Mawar";"Selangit";"W";;
648;;;"Agustina";"Angkasa";"W";;
496;;;"Ayu";"Dewangga";"W";;
898;;;"Sentosa";"Dominik";"P";;
826;;;"Bintang";"Indrawan";"W";;
232;;;"Mulia";"Dewangga";"P";;
171;;;"Kairo";"Mada";"P";;
183;;;"Aris";"Angkasa";"P";;
247;;;"Aris";"Widya";"P";;
498;;;"Mawar";"Selangit";"W";;
699;;;"Duma";"Sejahtera";"W";;
878;;;"Galang";"Dominik";"P";;
583;;;"Mulia";"Pekerti";"P";;
506;;;"Budiwati";"Mardi";"W";;
834;;;"Bulan";"Angkasa";"W";;
410;;;"Cahyo";"Indrawan";"P";;
950;;;"Mulyo";"Jagat";"P";;
181;;;"Ahmad";"Setiawan";"P";;
458;;;"Agung";"Angkasa";"P";;
653;;;"Ferry";"Dewangga";"P";;
680;;;"Darsih";"Sejahtera";"W";;
191;;;"Intan";"Mardi";"W";;
79;;;"Lastri";"Mardi";"W";;
45;;;"Gunawan";"Terang";"P";;
65;;;"Natali";"Widya";"W";;
333;;;"Jaka";"Tenteram";"P";;
804;;;"Ayu";"Santana";"W";;
308;;;"Mawar";"Selangit";"W";;
341;;;"Gunawan";"Dewangga";"P";;
202;;;"Ahmad";"Damai";"P";;
427;;;"Intan";"Dominik";"W";;
779;;;"Ayu";"Margo";"W";;
812;;;"Budiman";"Rukun";"P";;
448;;;"Aris";"Angkasa";"P";;
821;;;"Mariani";"Margo";"W";;
891;;;"Hardi";"Indrawan";"P";;
525;;;"Duma";"Terang";"W";;
371;;;"Erni";"Angkasa";"W";;
251;;;"Mulia";"Rukun";"P";;
843;;;"Ardhi";"Alexander";"P";;
400;;;"Ferdy";"Tenteram";"P";;
162;;;"Erna";"Setiawan";"W";;
794;;;"Harum";"Setiawan";"W";;
975;;;"Budi";"Tenteram";"P";;
222;;;"Cahyono";"Mardi";"P";;
552;;;"Duma";"Santana";"W";;
498;;;"Mawar";"Selangit";"W";;
893;;;"Ardhi";"Dominik";"P";;
398;;;"Bulan";"Siberut";"W";;
164;;;"Ardhi";"Alexander";"P";;
472;;;"Agus";"Widya";"P";;
860;;;"Danny";"Dewangga";"P";;
889;;;"Ihsan";"Mardi";"P";;
340;;;"Ayu";"Rukun";"W";;
511;;;"Mulyo";"Selangit";"P";;
510;;;"Ika";"Alexander";"W";;
221;;;"Natali";"Mada";"W";;
730;;;"Natali";"Widya";"W";;
469;;;"Harum";"Terang";"W";;
382;;;"Duma";"Selangit";"W";;
990;;;"Cahya";"Margo";"W";;
420;;;"Kairo";"Siberut";"P";;
990;;;"Cahya";"Margo";"W";;
333;;;"Jaka";"Tenteram";"P";;
744;;;"Hari";"Sejahtera";"P";;
884;;;"Eriq";"Menawan";"P";;
781;;;"Lastri";"Widya";"W";;
354;;;"Jaka";"Menawan";"P";;
679;;;"Hari";"Juang";"P";;
537;;;"Mulyo";"Indrawan";"P";;
73;;;"Eko";"Ramah";"P";;
808;;;"Cahyo";"Menawan";"P";;
34;;;"Mulia";"Setiawan";"P";;
180;;;"Erni";"Margo";"W";;
429;;;"Agustina";"Dominik";"W";;
638;;;"Ardhi";"Dominik";"P";;
598;;;"Jefrie";"Damai";"P";;
99;;;"Ayu";"Maven";"W";;
547;;;"Ferdy";"Widya";"P";;
569;;;"Duma";"Sejahtera";"W";;
226;;;"Natali";"Santana";"W";;
120;;;"Erni";"Maven";"W";;
232;;;"Mulia";"Dewangga";"P";;
831;;;"Erman";"Angkasa";"P";;
802;;;"Lastri";"Jagat";"W";;
394;;;"Erni";"Tenteram";"W";;
173;;;"Galang";"Terang";"P";;
442;;;"Ahmad";"Alexander";"P";;
501;;;"Mulia";"Alexander";"P";;
182;;;"Fanny";"Maven";"W";;
697;;;"Niken";"Tenteram";"W";;
582;;;"Lestari";"Sejahtera";"W";;
814;;;"Dario";"Juang";"P";;
442;;;"Ahmad";"Alexander";"P";;
147;;;"Aris";"Selangit";"P";;
75;;;"Rasti";"Mada";"W";;
199;;;"Budiwati";"Alexander";"W";;
481;;;"Eriq";"Menawan";"P";;
43;;;"Agus";"Tenteram";"P";;
538;;;"Cahya";"Terang";"W";;
794;;;"Harum";"Setiawan";"W";;
464;;;"Natali";"Mardi";"W";;
685;;;"Bulan";"Dewangga";"W";;
191;;;"Intan";"Mardi";"W";;
65;;;"Natali";"Widya";"W";;
56;;;"Cahyo";"Rukun";"P";;
344;;;"Niken";"Setiawan";"W";;
905;;;"Desita";"Santana";"W";;
845;;;"Desita";"Mada";"W";;
983;;;"Fanny";"Mardi";"W";;
722;;;"Mariani";"Mada";"W";;
466;;;"Eriq";"Dewangga";"P";;
607;;;"Erna";"Dominik";"W";;
782;;;"Ahmad";"Jagat";"P";;
797;;;"Erna";"Widya";"W";;
641;;;"Jefrie";"Jagat";"P";;
439;;;"Galang";"Setiawan";"P";;
542;;;"Ahmad";"Selangit";"P";;
752;;;"Budiman";"Terang";"P";;
31;;;"Desita";"Juang";"W";;
583;;;"Mulia";"Pekerti";"P";;
898;;;"Sentosa";"Dominik";"P";;
115;;;"Lestari";"Sejahtera";"W";;
275;;;"Bintang";"Ramah";"W";;
966;;;"Bulan";"Selangit";"W";;
59;;;"Intan";"Mardi";"W";;
782;;;"Ahmad";"Jagat";"P";;
610;;;"Cahya";"Maven";"W";;
618;;;"Ben";"Siberut";"P";;
175;;;"Cahya";"Mada";"W";;
57;;;"Irwandi";"Margo";"P";;
345;;;"Kusuma";"Widya";"P";;
404;;;"Danny";"Margo";"P";;
794;;;"Harum";"Setiawan";"W";;
411;;;"Budiwati";"Dewangga";"W";;
261;;;"Agung";"Mada";"P";;
941;;;"Ardhi";"Setiawan";"P";;
701;;;"Galang";"Santana";"P";;
56;;;"Cahyo";"Rukun";"P";;
467;;;"Cahyono";"Ramah";"P";;
135;;;"Lestari";"Rukun";"W";;
945;;;"Ben";"Ramah";"P";;
43;;;"Agus";"Tenteram";"P";;
765;;;"Kristina";"Sejahtera";"W";;
245;;;"Bulan";"Setiawan";"W";;
282;;;"Ayu";"Selangit";"W";;
3;;;"Intan";"Dominik";"W";;
23;;;"Darman";"Ramah";"P";;
854;;;"Erna";"Siberut";"W";;
877;;;"Intan";"Siberut";"W";;
215;;;"Ahmad";"Alexander";"P";;
624;;;"Agustina";"Rukun";"W";;
682;;;"Eriq";"Juang";"P";;
489;;;"Gita";"Tenteram";"W";;
134;;;"Hardi";"Angkasa";"P";;
482;;;"Galang";"Santana";"P";;
631;;;"Agustina";"Setiawan";"W";;
967;;;"Erni";"Santana";"W";;
54;;;"Budiwati";"Juang";"W";;
696;;;"Mawar";"Mardi";"W";;
971;;;"Mulia";"Rukun";"P";;
307;;;"Ika";"Santana";"W";;
51;;;"Agus";"Ramah";"P";;
338;;;"Budi";"Juang";"P";;
80;;;"Hardi";"Jagat";"P";;
71;;;"Mega";"Sejahtera";"W";;
862;;;"Ben";"Setiawan";"P";;
440;;;"Intan";"Santana";"W";;
636;;;"Natali";"Jagat";"W";;
431;;;"Lestari";"Dewangga";"W";;
867;;;"Erman";"Mardi";"P";;
676;;;"Desita";"Santana";"W";;
667;;;"Mawar";"Ramah";"W";;
635;;;"Gita";"Dewangga";"W";;
818;;;"Cahya";"Ramah";"W";;
804;;;"Ayu";"Santana";"W";;
375;;;"Mawar";"Margo";"W";;
168;;;"Agung";"Terang";"P";;
475;;;"Natali";"Terang";"W";;
368;;;"Kusuma";"Setiawan";"P";;
128;;;"Mega";"Dewangga";"W";;
400;;;"Ferdy";"Tenteram";"P";;
814;;;"Dario";"Juang";"P";;
722;;;"Mariani";"Mada";"W";;
540;;;"Sentosa";"Siberut";"P";;
976;;;"Cahya";"Ramah";"W";;
944;;;"Erni";"Mada";"W";;
883;;;"Sentosa";"Sejahtera";"P";;
25;;;"Ferdy";"Maven";"P";;
765;;;"Kristina";"Sejahtera";"W";;
413;;;"Gunawan";"Mardi";"P";;
249;;;"Agus";"Alexander";"P";;
757;;;"Erna";"Menawan";"W";;
622;;;"Intan";"Dominik";"W";;
36;;;"Kristina";"Selangit";"W";;
733;;;"Harum";"Dewangga";"W";;
419;;;"Ben";"Margo";"P";;
753;;;"Ahmad";"Mada";"P";;
928;;;"Bulan";"Indrawan";"W";;
309;;;"Ben";"Maven";"P";;
662;;;"Aris";"Menawan";"P";;
970;;;"Kairo";"Maven";"P";;
856;;;"Indah";"Indrawan";"W";;
538;;;"Cahya";"Terang";"W";;
674;;;"Ihsan";"Santana";"P";;
607;;;"Erna";"Dominik";"W";;
628;;;"Erna";"Pekerti";"W";;
77;;;"Jaka";"Juang";"P";;
764;;;"Mega";"Rukun";"W";;
387;;;"Desita";"Tenteram";"W";;
611;;;"Rasti";"Jagat";"W";;
719;;;"Eriq";"Siberut";"P";;
377;;;"Dario";"Ramah";"P";;
16;;;"Ika";"Mardi";"W";;
76;;;"Kairo";"Indrawan";"P";;
984;;;"Agus";"Dewangga";"P";;
432;;;"Rasti";"Dewangga";"W";;
785;;;"Ferry";"Angkasa";"P";;
516;;;"Budiwati";"Dominik";"W";;
809;;;"Dario";"Ramah";"P";;
396;;;"Agung";"Margo";"P";;
964;;;"Agung";"Pekerti";"P";;
581;;;"Ferry";"Mada";"P";;
343;;;"Erna";"Dominik";"W";;
10;;;"Cahyo";"Alexander";"P";;
272;;;"Budiman";"Tenteram";"P";;
807;;;"Mulyo";"Sejahtera";"P";;
402;;;"Sentosa";"Damai";"P";;
51;;;"Agus";"Ramah";"P";;
196;;;"Harum";"Jagat";"W";;
778;;;"Desita";"Terang";"W";;
605;;;"Budi";"Ramah";"P";;
58;;;"Fanny";"Santana";"W";;
445;;;"Budi";"Widya";"P";;
887;;;"Gita";"Tenteram";"W";;
715;;;"Jefrie";"Santana";"P";;
417;;;"Ben";"Juang";"P";;
323;;;"Hardi";"Menawan";"P";;
342;;;"Irwandi";"Rukun";"P";;
236;;;"Budiwati";"Sejahtera";"W";;
710;;;"Aris";"Ramah";"P";;
296;;;"Mawar";"Rukun";"W";;
595;;;"Cahyono";"Dewangga";"P";;
777;;;"Cahya";"Indrawan";"W";;
746;;;"Ayu";"Rukun";"W";;
540;;;"Sentosa";"Siberut";"P";;
816;;;"Dario";"Sejahtera";"P";;
224;;;"Gita";"Dominik";"W";;
163;;;"Ayu";"Ramah";"W";;
749;;;"Niken";"Dewangga";"W";;
604;;;"Mulyo";"Ramah";"P";;
252;;;"Desita";"Jagat";"W";;
23;;;"Darman";"Ramah";"P";;
977;;;"Mega";"Margo";"W";;
566;;;"Ferdy";"Pekerti";"P";;
205;;;"Hari";"Santana";"P";;
295;;;"Desita";"Setiawan";"W";;
817;;;"Aris";"Siberut";"P";;
934;;;"Budiman";"Mardi";"P";;
877;;;"Intan";"Siberut";"W";;
639;;;"Budi";"Rukun";"P";;
668;;;"Ardhi";"Juang";"P";;
867;;;"Erman";"Mardi";"P";;
219;;;"Ika";"Mardi";"W";;
397;;;"Erman";"Juang";"P";;
393;;;"Dario";"Ramah";"P";;
602;;;"Indah";"Widya";"W";;
524;;;"Lastri";"Rukun";"W";;
192;;;"Kairo";"Mardi";"P";;
150;;;"Indah";"Margo";"W";;
108;;;"Ika";"Juang";"W";;
86;;;"Cahya";"Menawan";"W";;
43;;;"Agus";"Tenteram";"P";;
656;;;"Mulyo";"Damai";"P";;
391;;;"Agung";"Setiawan";"P";;
902;;;"Darsih";"Rukun";"W";;
412;;;"Darsih";"Angkasa";"W";;
690;;;"Ferry";"Mada";"P";;
125;;;"Ferdy";"Santana";"P";;
414;;;"Ardhi";"Sejahtera";"P";;
72;;;"Hardi";"Damai";"P";;
104;;;"Budiman";"Mada";"P";;
742;;;"Kairo";"Maven";"P";;
860;;;"Danny";"Dewangga";"P";;
215;;;"Ahmad";"Alexander";"P";;
124;;;"Budiman";"Sejahtera";"P";;
657;;;"Kairo";"Damai";"P";;
222;;;"Cahyono";"Mardi";"P";;
705;;;"Ardhi";"Indrawan";"P";;
221;;;"Natali";"Mada";"W";;
773;;;"Eria";"Mada";"W";;
342;;;"Irwandi";"Rukun";"P";;
874;;;"Dario";"Damai";"P";;
339;;;"Lestari";"Indrawan";"W";;
928;;;"Bulan";"Indrawan";"W";;
203;;;"Kusuma";"Pekerti";"P";;
781;;;"Lastri";"Widya";"W";;
756;;;"Ahmad";"Damai";"P";;
429;;;"Agustina";"Dominik";"W";;
943;;;"Jaka";"Menawan";"P";;
323;;;"Hardi";"Menawan";"P";;
363;;;"Mariani";"Damai";"W";;
354;;;"Jaka";"Menawan";"P";;
593;;;"Ihsan";"Widya";"P";;
123;;;"Mariani";"Selangit";"W";;
635;;;"Gita";"Dewangga";"W";;
745;;;"Gita";"Alexander";"W";;
105;;;"Eko";"Setiawan";"P";;
584;;;"Erman";"Maven";"P";;
90;;;"Budiman";"Widya";"P";;
378;;;"Agung";"Alexander";"P";;
680;;;"Darsih";"Sejahtera";"W";;
26;;;"Erman";"Margo";"P";;
498;;;"Mawar";"Selangit";"W";;
245;;;"Bulan";"Setiawan";"W";;
935;;;"Ben";"Siberut";"P";;
313;;;"Intan";"Santana";"W";;
634;;;"Bulan";"Setiawan";"W";;
422;;;"Niken";"Sejahtera";"W";;
935;;;"Ben";"Siberut";"P";;
866;;;"Cahyo";"Selangit";"P";;
857;;;"Kusuma";"Santana";"P";;
460;;;"Lastri";"Indrawan";"W";;
639;;;"Budi";"Rukun";"P";;
480;;;"Dario";"Damai";"P";;
289;;;"Agus";"Setiawan";"P";;
974;;;"Rasti";"Maven";"W";;
761;;;"Bulan";"Dewangga";"W";;
843;;;"Ardhi";"Alexander";"P";;
882;;;"Mawar";"Pekerti";"W";;
572;;;"Darsih";"Terang";"W";;
600;;;"Cahyono";"Mardi";"P";;
168;;;"Agung";"Terang";"P";;
139;;;"Darsih";"Mardi";"W";;
790;;;"Ferdy";"Siberut";"P";;
874;;;"Dario";"Damai";"P";;
843;;;"Ardhi";"Alexander";"P";;
809;;;"Dario";"Ramah";"P";;
183;;;"Aris";"Angkasa";"P";;
58;;;"Fanny";"Santana";"W";;
501;;;"Mulia";"Alexander";"P";;
274;;;"Cahyo";"Dewangga";"P";;
230;;;"Galang";"Menawan";"P";;
306;;;"Budi";"Maven";"P";;
425;;;"Rasti";"Sejahtera";"W";;
981;;;"Ferdy";"Damai";"P";;
212;;;"Ferry";"Damai";"P";;
434;;;"Cahyo";"Ramah";"P";;
690;;;"Ferry";"Mada";"P";;
638;;;"Ardhi";"Dominik";"P";;
714;;;"Rasti";"Dewangga";"W";;
40;;;"Indah";"Damai";"W";;
937;;;"Lanny";"Menawan";"W";;
501;;;"Mulia";"Alexander";"P";;
913;;;"Agus";"Ramah";"P";;
268;;;"Aris";"Siberut";"P";;
212;;;"Ferry";"Damai";"P";;
503;;;"Erna";"Selangit";"W";;
303;;;"Cahyono";"Dewangga";"P";;
253;;;"Ahmad";"Dewangga";"P";;
750;;;"Agus";"Rukun";"P";;
523;;;"Ahmad";"Indrawan";"P";;
19;;;"Kairo";"Rukun";"P";;
785;;;"Ferry";"Angkasa";"P";;
114;;;"Galang";"Pekerti";"P";;
568;;;"Kairo";"Alexander";"P";;
408;;;"Sentosa";"Dewangga";"P";;
204;;;"Bulan";"Setiawan";"W";;
625;;;"Irwandi";"Rukun";"P";;
156;;;"Ika";"Siberut";"W";;
12;;;"Ardhi";"Rukun";"P";;
88;;;"Ferdy";"Widya";"P";;
433;;;"Erna";"Terang";"W";;
678;;;"Desita";"Damai";"W";;
619;;;"Lastri";"Indrawan";"W";;
733;;;"Harum";"Dewangga";"W";;
200;;;"Agung";"Sejahtera";"P";;
8;;;"Erni";"Jagat";"W";;
520;;;"Erna";"Margo";"W";;
977;;;"Mega";"Margo";"W";;
748;;;"Budi";"Selangit";"P";;
175;;;"Cahya";"Mada";"W";;
664;;;"Intan";"Sejahtera";"W";;
392;;;"Hardi";"Angkasa";"P";;
605;;;"Budi";"Ramah";"P";;
337;;;"Fanny";"Setiawan";"W";;
830;;;"Sentosa";"Indrawan";"P";;
382;;;"Duma";"Selangit";"W";;
858;;;"Aris";"Pekerti";"P";;
871;;;"Indah";"Widya";"W";;
493;;;"Jefrie";"Indrawan";"P";;
199;;;"Budiwati";"Alexander";"W";;
196;;;"Harum";"Jagat";"W";;
841;;;"Aris";"Tenteram";"P";;
539;;;"Cahyo";"Damai";"P";;
439;;;"Galang";"Setiawan";"P";;
582;;;"Lestari";"Sejahtera";"W";;
639;;;"Budi";"Rukun";"P";;
480;;;"Dario";"Damai";"P";;
17;;;"Sentosa";"Widya";"P";;
423;;;"Ahmad";"Pekerti";"P";;
66;;;"Jaka";"Sejahtera";"P";;
323;;;"Hardi";"Menawan";"P";;
176;;;"Eria";"Margo";"W";;
684;;;"Lastri";"Selangit";"W";;
646;;;"Kristina";"Mada";"W";;
761;;;"Bulan";"Dewangga";"W";;
555;;;"Desita";"Juang";"W";;
814;;;"Dario";"Juang";"P";;
446;;;"Kairo";"Pekerti";"P";;
828;;;"Ferdy";"Juang";"P";;
832;;;"Kristina";"Damai";"W";;
924;;;"Ihsan";"Dominik";"P";;
193;;;"Cahyo";"Tenteram";"P";;
685;;;"Bulan";"Dewangga";"W";;
0;;;"Rasti";"Pekerti";"W";;
92;;;"Budiman";"Menawan";"P";;
957;;;"Kusuma";"Alexander";"P";;
690;;;"Ferry";"Mada";"P";;
792;;;"Jaka";"Angkasa";"P";;
233;;;"Natali";"Mada";"W";;
189;;;"Eria";"Juang";"W";;
401;;;"Kusuma";"Siberut";"P";;
273;;;"Gita";"Dominik";"W";;
412;;;"Darsih";"Angkasa";"W";;
402;;;"Sentosa";"Damai";"P";;
683;;;"Ayu";"Widya";"W";;
164;;;"Ardhi";"Alexander";"P";;
19;;;"Kairo";"Rukun";"P";;
252;;;"Desita";"Jagat";"W";;
561;;;"Lanny";"Angkasa";"W";;
901;;;"Kairo";"Tenteram";"P";;
723;;;"Fanny";"Selangit";"W";;
331;;;"Gunawan";"Selangit";"P";;
986;;;"Budiman";"Setiawan";"P";;
963;;;"Erman";"Damai";"P";;
585;;;"Cahyo";"Maven";"P";;
429;;;"Agustina";"Dominik";"W";;
157;;;"Agus";"Setiawan";"P";;
525;;;"Duma";"Terang";"W";;
258;;;"Desita";"Jagat";"W";;
563;;;"Danny";"Siberut";"P";;
577;;;"Jaka";"Santana";"P";;
928;;;"Bulan";"Indrawan";"W";;
682;;;"Eriq";"Juang";"P";;
541;;;"Aris";"Dominik";"P";;
472;;;"Agus";"Widya";"P";;
32;;;"Darman";"Damai";"P";;
147;;;"Aris";"Selangit";"P";;
354;;;"Jaka";"Menawan";"P";;
755;;;"Ihsan";"Widya";"P";;
966;;;"Bulan";"Selangit";"W";;
188;;;"Budi";"Rukun";"P";;
162;;;"Erna";"Setiawan";"W";;
167;;;"Budiman";"Ramah";"P";;
304;;;"Ayu";"Tenteram";"W";;
155;;;"Ahmad";"Tenteram";"P";;
180;;;"Erni";"Margo";"W";;
781;;;"Lastri";"Widya";"W";;
215;;;"Ahmad";"Alexander";"P";;
911;;;"Duma";"Dominik";"W";;
213;;;"Darman";"Alexander";"P";;
486;;;"Erna";"Mardi";"W";;
598;;;"Jefrie";"Damai";"P";;
543;;;"Ferdy";"Dominik";"P";;
150;;;"Indah";"Margo";"W";;
651;;;"Erman";"Jagat";"P";;
742;;;"Kairo";"Maven";"P";;
501;;;"Mulia";"Alexander";"P";;
182;;;"Fanny";"Maven";"W";;
587;;;"Jefrie";"Santana";"P";;
551;;;"Agung";"Jagat";"P";;
59;;;"Intan";"Mardi";"W";;
34;;;"Mulia";"Setiawan";"P";;
989;;;"Fanny";"Mada";"W";;
850;;;"Duma";"Mada";"W";;
520;;;"Erna";"Margo";"W";;
980;;;"Niken";"Widya";"W";;
0;;;"Rasti";"Pekerti";"W";;
809;;;"Dario";"Ramah";"P";;
55;;;"Eriq";"Juang";"P";;
933;;;"Lanny";"Santana";"W";;
65;;;"Natali";"Widya";"W";;
25;;;"Ferdy";"Maven";"P";;
603;;;"Jaka";"Ramah";"P";;
400;;;"Ferdy";"Tenteram";"P";;
213;;;"Darman";"Alexander";"P";;
279;;;"Lastri";"Mada";"W";;
716;;;"Lanny";"Widya";"W";;
554;;;"Mawar";"Selangit";"W";;
946;;;"Budiwati";"Juang";"W";;
506;;;"Budiwati";"Mardi";"W";;
767;;;"Mega";"Margo";"W";;
232;;;"Mulia";"Dewangga";"P";;
371;;;"Erni";"Angkasa";"W";;
11;;;"Ayu";"Indrawan";"W";;
429;;;"Agustina";"Dominik";"W";;
129;;;"Erna";"Tenteram";"W";;
752;;;"Budiman";"Terang";"P";;
465;;;"Intan";"Damai";"W";;
829;;;"Darman";"Pekerti";"P";;
971;;;"Mulia";"Rukun";"P";;
112;;;"Intan";"Angkasa";"W";;
699;;;"Duma";"Sejahtera";"W";;
273;;;"Gita";"Dominik";"W";;
944;;;"Erni";"Mada";"W";;
67;;;"Agung";"Maven";"P";;
838;;;"Eria";"Juang";"W";;
968;;;"Lanny";"Menawan";"W";;
170;;;"Kristina";"Margo";"W";;
529;;;"Jefrie";"Siberut";"P";;
810;;;"Hardi";"Rukun";"P";;
628;;;"Erna";"Pekerti";"W";;
502;;;"Aris";"Ramah";"P";;
448;;;"Aris";"Angkasa";"P";;
752;;;"Budiman";"Terang";"P";;
389;;;"Dario";"Ramah";"P";;
418;;;"Budiman";"Indrawan";"P";;
241;;;"Dario";"Ramah";"P";;
341;;;"Gunawan";"Dewangga";"P";;
916;;;"Budiwati";"Mada";"W";;
309;;;"Ben";"Maven";"P";;
70;;;"Lestari";"Ramah";"W";;
603;;;"Jaka";"Ramah";"P";;
132;;;"Kusuma";"Jagat";"P";;
927;;;"Intan";"Angkasa";"W";;
613;;;"Bulan";"Tenteram";"W";;
196;;;"Harum";"Jagat";"W";;
462;;;"Cahyo";"Indrawan";"P";;
280;;;"Kristina";"Siberut";"W";;
503;;;"Erna";"Selangit";"W";;
741;;;"Jefrie";"Rukun";"P";;
996;;;"Budiwati";"Terang";"W";;
761;;;"Bulan";"Dewangga";"W";;
76;;;"Kairo";"Indrawan";"P";;
188;;;"Budi";"Rukun";"P";;
486;;;"Erna";"Mardi";"W";;
779;;;"Ayu";"Margo";"W";;
596;;;"Jefrie";"Setiawan";"P";;
788;;;"Mega";"Jagat";"W";;
584;;;"Erman";"Maven";"P";;
687;;;"Kusuma";"Jagat";"P";;
594;;;"Cahyo";"Margo";"P";;
670;;;"Aris";"Setiawan";"P";;
211;;;"Agustina";"Dominik";"W";;
277;;;"Dario";"Siberut";"P";;
504;;;"Lastri";"Pekerti";"W";;
580;;;"Bintang";"Indrawan";"W";;
488;;;"Erna";"Pekerti";"W";;
638;;;"Ardhi";"Dominik";"P";;
235;;;"Eria";"Angkasa";"W";;
790;;;"Ferdy";"Siberut";"P";;
107;;;"Gita";"Selangit";"W";;
636;;;"Natali";"Jagat";"W";;
832;;;"Kristina";"Damai";"W";;
732;;;"Ayu";"Margo";"W";;
584;;;"Erman";"Maven";"P";;
820;;;"Aris";"Terang";"P";;
893;;;"Ardhi";"Dominik";"P";;
367;;;"Ayu";"Siberut";"W";;
252;;;"Desita";"Jagat";"W";;
21;;;"Lestari";"Sejahtera";"W";;
900;;;"Ferry";"Juang";"P";;
832;;;"Kristina";"Damai";"W";;
458;;;"Agung";"Angkasa";"P";;
430;;;"Dario";"Pekerti";"P";;
104;;;"Budiman";"Mada";"P";;
397;;;"Erman";"Juang";"P";;
816;;;"Dario";"Sejahtera";"P";;
435;;;"Ihsan";"Widya";"P";;
141;;;"Ayu";"Sejahtera";"W";;
254;;;"Eriq";"Tenteram";"P";;
960;;;"Mega";"Terang";"W";;
3;;;"Intan";"Dominik";"W";;
15;;;"Mega";"Jagat";"W";;
181;;;"Ahmad";"Setiawan";"P";;
681;;;"Kristina";"Widya";"W";;
879;;;"Duma";"Alexander";"W";;
622;;;"Intan";"Dominik";"W";;
602;;;"Indah";"Widya";"W";;
874;;;"Dario";"Damai";"P";;
388;;;"Harum";"Widya";"W";;
460;;;"Lastri";"Indrawan";"W";;
79;;;"Lastri";"Mardi";"W";;
176;;;"Eria";"Margo";"W";;
133;;;"Sentosa";"Mardi";"P";;
685;;;"Bulan";"Dewangga";"W";;
775;;;"Irwandi";"Dewangga";"P";;
727;;;"Bulan";"Menawan";"W";;
343;;;"Erna";"Dominik";"W";;
169;;;"Irwandi";"Pekerti";"P";;
893;;;"Ardhi";"Dominik";"P";;
941;;;"Ardhi";"Setiawan";"P";;
177;;;"Hari";"Santana";"P";;
718;;;"Mega";"Mardi";"W";;
659;;;"Darsih";"Setiawan";"W";;
707;;;"Mega";"Margo";"W";;
758;;;"Bulan";"Mada";"W";;
99;;;"Ayu";"Maven";"W";;
859;;;"Hari";"Jagat";"P";;
914;;;"Mulyo";"Ramah";"P";;
213;;;"Darman";"Alexander";"P";;
49;;;"Ihsan";"Mada";"P";;
445;;;"Budi";"Widya";"P";;
717;;;"Ayu";"Alexander";"W";;
504;;;"Lastri";"Pekerti";"W";;
895;;;"Budi";"Menawan";"P";;
289;;;"Agus";"Setiawan";"P";;
445;;;"Budi";"Widya";"P";;
334;;;"Bintang";"Selangit";"W";;
969;;;"Bintang";"Mardi";"W";;
566;;;"Ferdy";"Pekerti";"P";;
553;;;"Agus";"Margo";"P";;
904;;;"Fanny";"Terang";"W";;
461;;;"Darsih";"Terang";"W";;
823;;;"Hari";"Pekerti";"P";;
536;;;"Eko";"Santana";"P";;
806;;;"Ferry";"Damai";"P";;
868;;;"Ahmad";"Siberut";"P";;
268;;;"Aris";"Siberut";"P";;
200;;;"Agung";"Sejahtera";"P";;
832;;;"Kristina";"Damai";"W";;
684;;;"Lastri";"Selangit";"W";;
297;;;"Eriq";"Margo";"P";;
201;;;"Darman";"Siberut";"P";;
979;;;"Ardhi";"Alexander";"P";;
516;;;"Budiwati";"Dominik";"W";;
799;;;"Irwandi";"Dewangga";"P";;
262;;;"Lanny";"Santana";"W";;
434;;;"Cahyo";"Ramah";"P";;
251;;;"Mulia";"Rukun";"P";;
262;;;"Lanny";"Santana";"W";;
960;;;"Mega";"Terang";"W";;
820;;;"Aris";"Terang";"P";;
449;;;"Irwandi";"Widya";"P";;
226;;;"Natali";"Santana";"W";;
510;;;"Ika";"Alexander";"W";;
478;;;"Harum";"Ramah";"W";;
613;;;"Bulan";"Tenteram";"W";;
100;;;"Eriq";"Juang";"P";;
441;;;"Jefrie";"Damai";"P";;
77;;;"Jaka";"Juang";"P";;
491;;;"Ardhi";"Tenteram";"P";;
877;;;"Intan";"Siberut";"W";;
560;;;"Kristina";"Setiawan";"W";;
325;;;"Erni";"Angkasa";"W";;
66;;;"Jaka";"Sejahtera";"P";;
787;;;"Budiwati";"Setiawan";"W";;
133;;;"Sentosa";"Mardi";"P";;
63;;;"Agung";"Angkasa";"P";;
399;;;"Ahmad";"Dominik";"P";;
405;;;"Agus";"Menawan";"P";;
672;;;"Mawar";"Mada";"W";;
528;;;"Desita";"Dewangga";"W";;
961;;;"Duma";"Santana";"W";;
265;;;"Kristina";"Widya";"W";;
238;;;"Cahyono";"Setiawan";"P";;
61;;;"Rasti";"Rukun";"W";;
633;;;"Kairo";"Selangit";"P";;
484;;;"Ayu";"Mardi";"W";;
676;;;"Desita";"Santana";"W";;
50;;;"Eriq";"Siberut";"P";;
25;;;"Ferdy";"Maven";"P";;
454;;;"Indah";"Jagat";"W";;
666;;;"Kusuma";"Selangit";"P";;
369;;;"Mega";"Ramah";"W";;
249;;;"Agus";"Alexander";"P";;
119;;;"Agus";"Alexander";"P";;
23;;;"Darman";"Ramah";"P";;
121;;;"Darsih";"Menawan";"W";;
835;;;"Ihsan";"Dominik";"P";;
872;;;"Eriq";"Jagat";"P";;
140;;;"Galang";"Mardi";"P";;
950;;;"Mulyo";"Jagat";"P";;
921;;;"Natali";"Menawan";"W";;
596;;;"Jefrie";"Setiawan";"P";;
965;;;"Gita";"Jagat";"W";;
700;;;"Harum";"Rukun";"W";;
385;;;"Eko";"Ramah";"P";;
895;;;"Budi";"Menawan";"P";;
447;;;"Natali";"Siberut";"W";;
722;;;"Mariani";"Mada";"W";;
79;;;"Lastri";"Mardi";"W";;
36;;;"Kristina";"Selangit";"W";;
844;;;"Cahyono";"Selangit";"P";;
581;;;"Ferry";"Mada";"P";;
802;;;"Lastri";"Jagat";"W";;
633;;;"Kairo";"Selangit";"P";;
788;;;"Mega";"Jagat";"W";;
471;;;"Agung";"Terang";"P";;
189;;;"Eria";"Juang";"W";;
603;;;"Jaka";"Ramah";"P";;
532;;;"Agung";"Sejahtera";"P";;
109;;;"Galang";"Siberut";"P";;
172;;;"Kristina";"Sejahtera";"W";;
437;;;"Kairo";"Rukun";"P";;
275;;;"Bintang";"Ramah";"W";;
381;;;"Erni";"Terang";"W";;
141;;;"Ayu";"Sejahtera";"W";;
303;;;"Cahyono";"Dewangga";"P";;
974;;;"Rasti";"Maven";"W";;
535;;;"Ahmad";"Widya";"P";;
504;;;"Lastri";"Pekerti";"W";;
22;;;"Bintang";"Jagat";"W";;
544;;;"Cahyo";"Ramah";"P";;
195;;;"Ahmad";"Terang";"P";;
767;;;"Mega";"Margo";"W";;
439;;;"Galang";"Setiawan";"P";;
864;;;"Mariani";"Siberut";"W";;
982;;;"Natali";"Terang";"W";;
806;;;"Ferry";"Damai";"P";;
228;;;"Aris";"Alexander";"P";;
485;;;"Ardhi";"Pekerti";"P";;
5;;;"Harum";"Santana";"W";;
488;;;"Erna";"Pekerti";"W";;
669;;;"Kristina";"Santana";"W";;
447;;;"Natali";"Siberut";"W";;
44;;;"Mariani";"Margo";"W";;
293;;;"Ihsan";"Alexander";"P";;
396;;;"Agung";"Margo";"P";;
115;;;"Lestari";"Sejahtera";"W";;
655;;;"Cahya";"Terang";"W";;
87;;;"Lestari";"Pekerti";"W";;
701;;;"Galang";"Santana";"P";;
445;;;"Budi";"Widya";"P";;
15;;;"Mega";"Jagat";"W";;
722;;;"Mariani";"Mada";"W";;
368;;;"Kusuma";"Setiawan";"P";;
564;;;"Eria";"Alexander";"W";;
781;;;"Lastri";"Widya";"W";;
597;;;"Lanny";"Angkasa";"W";;
611;;;"Rasti";"Jagat";"W";;
107;;;"Gita";"Selangit";"W";;
728;;;"Kusuma";"Dewangga";"P";;
847;;;"Eria";"Ramah";"W";;
122;;;"Aris";"Jagat";"P";;
183;;;"Aris";"Angkasa";"P";;
469;;;"Harum";"Terang";"W";;
323;;;"Hardi";"Menawan";"P";;
780;;;"Dario";"Ramah";"P";;
388;;;"Harum";"Widya";"W";;
28;;;"Darman";"Dewangga";"P";;
0;;;"Rasti";"Pekerti";"W";;
24;;;"Agus";"Ramah";"P";;
788;;;"Mega";"Jagat";"W";;
543;;;"Ferdy";"Dominik";"P";;
991;;;"Erna";"Pekerti";"W";;
462;;;"Cahyo";"Indrawan";"P";;
243;;;"Ihsan";"Rukun";"P";;
882;;;"Mawar";"Pekerti";"W";;
802;;;"Lastri";"Jagat";"W";;
704;;;"Indah";"Dominik";"W";;
20;;;"Desita";"Angkasa";"W";;
470;;;"Duma";"Maven";"W";;
8;;;"Erni";"Jagat";"W";;
980;;;"Niken";"Widya";"W";;
59;;;"Intan";"Mardi";"W";;
83;;;"Ika";"Menawan";"W";;
988;;;"Galang";"Mardi";"P";;
563;;;"Danny";"Siberut";"P";;
837;;;"Darman";"Dominik";"P";;
902;;;"Darsih";"Rukun";"W";;
869;;;"Natali";"Menawan";"W";;
533;;;"Ferry";"Alexander";"P";;
204;;;"Bulan";"Setiawan";"W";;
613;;;"Bulan";"Tenteram";"W";;
370;;;"Cahyo";"Tenteram";"P";;
903;;;"Mulyo";"Maven";"P";;
122;;;"Aris";"Jagat";"P";;
829;;;"Darman";"Pekerti";"P";;
663;;;"Hardi";"Selangit";"P";;
648;;;"Agustina";"Angkasa";"W";;
700;;;"Harum";"Rukun";"W";;
609;;;"Aris";"Margo";"P";;
922;;;"Lanny";"Jagat";"W";;
675;;;"Mulyo";"Setiawan";"P";;
427;;;"Intan";"Dominik";"W";;
369;;;"Mega";"Ramah";"W";;
729;;;"Cahya";"Margo";"W";;
237;;;"Erna";"Setiawan";"W";;
28;;;"Darman";"Dewangga";"P";;
959;;;"Aris";"Selangit";"P";;
975;;;"Budi";"Tenteram";"P";;
865;;;"Bintang";"Alexander";"W";;
832;;;"Kristina";"Damai";"W";;
178;;;"Fanny";"Santana";"W";;
417;;;"Ben";"Juang";"P";;
297;;;"Eriq";"Margo";"P";;
53;;;"Bulan";"Mada";"W";;
530;;;"Lastri";"Mardi";"W";;
560;;;"Kristina";"Setiawan";"W";;
493;;;"Jefrie";"Indrawan";"P";;
932;;;"Galang";"Tenteram";"P";;
482;;;"Galang";"Santana";"P";;
992;;;"Budi";"Maven";"P";;
217;;;"Lanny";"Terang";"W";;
72;;;"Hardi";"Damai";"P";;
12;;;"Ardhi";"Rukun";"P";;
863;;;"Ayu";"Pekerti";"W";;
246;;;"Cahya";"Setiawan";"W";;
958;;;"Ahmad";"Dewangga";"P";;
739;;;"Kairo";"Tenteram";"P";;
640;;;"Ferdy";"Widya";"P";;
730;;;"Natali";"Widya";"W";;
992;;;"Budi";"Maven";"P";;
392;;;"Hardi";"Angkasa";"P";;
802;;;"Lastri";"Jagat";"W";;
728;;;"Kusuma";"Dewangga";"P";;
6;;;"Agung";"Alexander";"P";;
927;;;"Intan";"Angkasa";"W";;
628;;;"Erna";"Pekerti";"W";;
469;;;"Harum";"Terang";"W";;
628;;;"Erna";"Pekerti";"W";;
49;;;"Ihsan";"Mada";"P";;
741;;;"Jefrie";"Rukun";"P";;
340;;;"Ayu";"Rukun";"W";;
409;;;"Agus";"Sejahtera";"P";;
446;;;"Kairo";"Pekerti";"P";;
560;;;"Kristina";"Setiawan";"W";;
166;;;"Danny";"Alexander";"P";;
135;;;"Lestari";"Rukun";"W";;
482;;;"Galang";"Santana";"P";;
314;;;"Mulyo";"Dewangga";"P";;
785;;;"Ferry";"Angkasa";"P";;
216;;;"Mawar";"Indrawan";"W";;
666;;;"Kusuma";"Selangit";"P";;
781;;;"Lastri";"Widya";"W";;
466;;;"Eriq";"Dewangga";"P";;
554;;;"Mawar";"Selangit";"W";;
652;;;"Budi";"Mardi";"P";;
393;;;"Dario";"Ramah";"P";;
196;;;"Harum";"Jagat";"W";;
814;;;"Dario";"Juang";"P";;
72;;;"Hardi";"Damai";"P";;
892;;;"Ardhi";"Juang";"P";;
366;;;"Dario";"Indrawan";"P";;
486;;;"Erna";"Mardi";"W";;
959;;;"Aris";"Selangit";"P";;
157;;;"Agus";"Setiawan";"P";;
891;;;"Hardi";"Indrawan";"P";;
659;;;"Darsih";"Setiawan";"W";;
62;;;"Hari";"Juang";"P";;
394;;;"Erni";"Tenteram";"W";;
287;;;"Sentosa";"Alexander";"P";;
898;;;"Sentosa";"Dominik";"P";;
834;;;"Bulan";"Angkasa";"W";;
310;;;"Eko";"Damai";"P";;
751;;;"Erna";"Alexander";"W";;
145;;;"Cahyono";"Maven";"P";;
350;;;"Darman";"Ramah";"P";;
462;;;"Cahyo";"Indrawan";"P";;
758;;;"Bulan";"Mada";"W";;
44;;;"Mariani";"Margo";"W";;
972;;;"Budi";"Mardi";"P";;
407;;;"Danny";"Setiawan";"P";;
222;;;"Cahyono";"Mardi";"P";;
590;;;"Erman";"Margo";"P";;
4;;;"Darman";"Dewangga";"P";;
834;;;"Bulan";"Angkasa";"W";;
738;;;"Ardhi";"Rukun";"P";;
521;;;"Budiwati";"Mada";"W";;
165;;;"Aris";"Angkasa";"P";;
313;;;"Intan";"Santana";"W";;
949;;;"Ika";"Pekerti";"W";;
348;;;"Darsih";"Tenteram";"W";;
104;;;"Budiman";"Mada";"P";;
834;;;"Bulan";"Angkasa";"W";;
557;;;"Lastri";"Terang";"W";;
439;;;"Galang";"Setiawan";"P";;
792;;;"Jaka";"Angkasa";"P";;
784;;;"Agustina";"Widya";"W";;
24;;;"Agus";"Ramah";"P";;
49;;;"Ihsan";"Mada";"P";;
30;;;"Ferry";"Terang";"P";;
516;;;"Budiwati";"Dominik";"W";;
480;;;"Dario";"Damai";"P";;
726;;;"Agustina";"Maven";"W";;
899;;;"Ihsan";"Mada";"P";;
175;;;"Cahya";"Mada";"W";;
872;;;"Eriq";"Jagat";"P";;
964;;;"Agung";"Pekerti";"P";;
370;;;"Cahyo";"Tenteram";"P";;
932;;;"Galang";"Tenteram";"P";;
899;;;"Ihsan";"Mada";"P";;
551;;;"Agung";"Jagat";"P";;
935;;;"Ben";"Siberut";"P";;
274;;;"Cahyo";"Dewangga";"P";;
744;;;"Hari";"Sejahtera";"P";;
485;;;"Ardhi";"Pekerti";"P";;
456;;;"Jaka";"Jagat";"P";;
529;;;"Jefrie";"Siberut";"P";;
149;;;"Lestari";"Tenteram";"W";;
878;;;"Galang";"Dominik";"P";;
91;;;"Eko";"Mada";"P";;
254;;;"Eriq";"Tenteram";"P";;
858;;;"Aris";"Pekerti";"P";;
751;;;"Erna";"Alexander";"W";;
521;;;"Budiwati";"Mada";"W";;
666;;;"Kusuma";"Selangit";"P";;
956;;;"Cahyono";"Dominik";"P";;
136;;;"Erni";"Angkasa";"W";;
283;;;"Mulyo";"Margo";"P";;
758;;;"Bulan";"Mada";"W";;
146;;;"Ika";"Dominik";"W";;
376;;;"Eriq";"Rukun";"P";;
493;;;"Jefrie";"Indrawan";"P";;
261;;;"Agung";"Mada";"P";;
490;;;"Cahyono";"Juang";"P";;
31;;;"Desita";"Juang";"W";;
735;;;"Eria";"Selangit";"W";;
108;;;"Ika";"Juang";"W";;
634;;;"Bulan";"Setiawan";"W";;
317;;;"Cahyo";"Angkasa";"P";;
394;;;"Erni";"Tenteram";"W";;
559;;;"Ayu";"Jagat";"W";;
70;;;"Lestari";"Ramah";"W";;
457;;;"Cahyo";"Widya";"P";;
215;;;"Ahmad";"Alexander";"P";;
634;;;"Bulan";"Setiawan";"W";;
446;;;"Kairo";"Pekerti";"P";;
862;;;"Ben";"Setiawan";"P";;
382;;;"Duma";"Selangit";"W";;
24;;;"Agus";"Ramah";"P";;
472;;;"Agus";"Widya";"P";;
557;;;"Lastri";"Terang";"W";;
877;;;"Intan";"Siberut";"W";;
129;;;"Erna";"Tenteram";"W";;
434;;;"Cahyo";"Ramah";"P";;
741;;;"Jefrie";"Rukun";"P";;
412;;;"Darsih";"Angkasa";"W";;
367;;;"Ayu";"Siberut";"W";;
873;;;"Dario";"Alexander";"P";;
898;;;"Sentosa";"Dominik";"P";;
729;;;"Cahya";"Margo";"W";;
440;;;"Intan";"Santana";"W";;
431;;;"Lestari";"Dewangga";"W";;
365;;;"Lanny";"Damai";"W";;
515;;;"Niken";"Jagat";"W";;
681;;;"Kristina";"Widya";"W";;
419;;;"Ben";"Margo";"P";;
765;;;"Kristina";"Sejahtera";"W";;
743;;;"Mulia";"Maven";"P";;
163;;;"Ayu";"Ramah";"W";;
127;;;"Ahmad";"Damai";"P";;
193;;;"Cahyo";"Tenteram";"P";;
713;;;"Fanny";"Selangit";"W";;
713;;;"Fanny";"Selangit";"W";;
412;;;"Darsih";"Angkasa";"W";;
596;;;"Jefrie";"Setiawan";"P";;
565;;;"Gunawan";"Jagat";"P";;
484;;;"Ayu";"Mardi";"W";;
582;;;"Lestari";"Sejahtera";"W";;
215;;;"Ahmad";"Alexander";"P";;
555;;;"Desita";"Juang";"W";;
262;;;"Lanny";"Santana";"W";;
133;;;"Sentosa";"Mardi";"P";;
527;;;"Eriq";"Margo";"P";;
871;;;"Indah";"Widya";"W";;
134;;;"Hardi";"Angkasa";"P";;
344;;;"Niken";"Setiawan";"W";;
569;;;"Duma";"Sejahtera";"W";;
272;;;"Budiman";"Tenteram";"P";;
699;;;"Duma";"Sejahtera";"W";;
276;;;"Harum";"Maven";"W";;
69;;;"Kusuma";"Damai";"P";;
334;;;"Bintang";"Selangit";"W";;
468;;;"Jaka";"Mardi";"P";;
207;;;"Erna";"Setiawan";"W";;
276;;;"Harum";"Maven";"W";;
569;;;"Duma";"Sejahtera";"W";;
605;;;"Budi";"Ramah";"P";;
21;;;"Lestari";"Sejahtera";"W";;
908;;;"Darman";"Dewangga";"P";;
226;;;"Natali";"Santana";"W";;
675;;;"Mulyo";"Setiawan";"P";;
596;;;"Jefrie";"Setiawan";"P";;
107;;;"Gita";"Selangit";"W";;
28;;;"Darman";"Dewangga";"P";;
545;;;"Agus";"Widya";"P";;
720;;;"Fanny";"Tenteram";"W";;
833;;;"Mulyo";"Menawan";"P";;
640;;;"Ferdy";"Widya";"P";;
107;;;"Gita";"Selangit";"W";;
560;;;"Kristina";"Setiawan";"W";;
570;;;"Erman";"Jagat";"P";;
149;;;"Lestari";"Tenteram";"W";;
965;;;"Gita";"Jagat";"W";;
217;;;"Lanny";"Terang";"W";;
785;;;"Ferry";"Angkasa";"P";;
334;;;"Bintang";"Selangit";"W";;
744;;;"Hari";"Sejahtera";"P";;
408;;;"Sentosa";"Dewangga";"P";;
18;;;"Cahya";"Margo";"W";;
6;;;"Agung";"Alexander";"P";;
203;;;"Kusuma";"Pekerti";"P";;
789;;;"Agung";"Selangit";"P";;
32;;;"Darman";"Damai";"P";;
207;;;"Erna";"Setiawan";"W";;
764;;;"Mega";"Rukun";"W";;
965;;;"Gita";"Jagat";"W";;
900;;;"Ferry";"Juang";"P";;
536;;;"Eko";"Santana";"P";;
647;;;"Darsih";"Angkasa";"W";;
710;;;"Aris";"Ramah";"P";;
474;;;"Aris";"Damai";"P";;
397;;;"Erman";"Juang";"P";;
259;;;"Hardi";"Damai";"P";;
440;;;"Intan";"Santana";"W";;
108;;;"Ika";"Juang";"W";;
445;;;"Budi";"Widya";"P";;
990;;;"Cahya";"Margo";"W";;
445;;;"Budi";"Widya";"P";;
62;;;"Hari";"Juang";"P";;
2;;;"Lastri";"Margo";"W";;
65;;;"Natali";"Widya";"W";;
944;;;"Erni";"Mada";"W";;
480;;;"Dario";"Damai";"P";;
747;;;"Kristina";"Dominik";"W";;
633;;;"Kairo";"Selangit";"P";;
465;;;"Intan";"Damai";"W";;
358;;;"Sentosa";"Alexander";"P";;
429;;;"Agustina";"Dominik";"W";;
716;;;"Lanny";"Widya";"W";;
608;;;"Ahmad";"Indrawan";"P";;
403;;;"Hari";"Setiawan";"P";;
922;;;"Lanny";"Jagat";"W";;
204;;;"Bulan";"Setiawan";"W";;
691;;;"Ahmad";"Mardi";"P";;
198;;;"Irwandi";"Damai";"P";;
364;;;"Niken";"Maven";"W";;
531;;;"Jefrie";"Selangit";"P";;
343;;;"Erna";"Dominik";"W";;
557;;;"Lastri";"Terang";"W";;
700;;;"Harum";"Rukun";"W";;
200;;;"Agung";"Sejahtera";"P";;
554;;;"Mawar";"Selangit";"W";;
507;;;"Jaka";"Mada";"P";;
373;;;"Mawar";"Mardi";"W";;
816;;;"Dario";"Sejahtera";"P";;
215;;;"Ahmad";"Alexander";"P";;
776;;;"Duma";"Maven";"W";;
475;;;"Natali";"Terang";"W";;
760;;;"Cahyono";"Margo";"P";;
694;;;"Intan";"Mardi";"W";;
213;;;"Darman";"Alexander";"P";;
122;;;"Aris";"Jagat";"P";;
199;;;"Budiwati";"Alexander";"W";;
454;;;"Indah";"Jagat";"W";;
35;;;"Galang";"Alexander";"P";;
337;;;"Fanny";"Setiawan";"W";;
553;;;"Agus";"Margo";"P";;
273;;;"Gita";"Dominik";"W";;
306;;;"Budi";"Maven";"P";;
227;;;"Galang";"Indrawan";"P";;
88;;;"Ferdy";"Widya";"P";;
76;;;"Kairo";"Indrawan";"P";;
568;;;"Kairo";"Alexander";"P";;
734;;;"Erna";"Maven";"W";;
806;;;"Ferry";"Damai";"P";;
917;;;"Harum";"Angkasa";"W";;
9;;;"Erman";"Dewangga";"P";;
727;;;"Bulan";"Menawan";"W";;
251;;;"Mulia";"Rukun";"P";;
142;;;"Bintang";"Menawan";"W";;
101;;;"Erna";"Santana";"W";;
753;;;"Ahmad";"Mada";"P";;
441;;;"Jefrie";"Damai";"P";;
277;;;"Dario";"Siberut";"P";;
81;;;"Hari";"Dominik";"P";;
176;;;"Eria";"Margo";"W";;
522;;;"Budiwati";"Selangit";"W";;
637;;;"Mulyo";"Pekerti";"P";;
219;;;"Ika";"Mardi";"W";;
36;;;"Kristina";"Selangit";"W";;
351;;;"Gunawan";"Dewangga";"P";;
232;;;"Mulia";"Dewangga";"P";;
242;;;"Ferry";"Damai";"P";;
373;;;"Mawar";"Mardi";"W";;
635;;;"Gita";"Dewangga";"W";;
970;;;"Kairo";"Maven";"P";;
852;;;"Jefrie";"Damai";"P";;
314;;;"Mulyo";"Dewangga";"P";;
790;;;"Ferdy";"Siberut";"P";;
695;;;"Mawar";"Terang";"W";;
722;;;"Mariani";"Mada";"W";;
706;;;"Erni";"Pekerti";"W";;
181;;;"Ahmad";"Setiawan";"P";;
105;;;"Eko";"Setiawan";"P";;
889;;;"Ihsan";"Mardi";"P";;
563;;;"Danny";"Siberut";"P";;
894;;;"Mawar";"Jagat";"W";;
58;;;"Fanny";"Santana";"W";;
941;;;"Ardhi";"Setiawan";"P";;
124;;;"Budiman";"Sejahtera";"P";;
691;;;"Ahmad";"Mardi";"P";;
319;;;"Desita";"Selangit";"W";;
916;;;"Budiwati";"Mada";"W";;
793;;;"Desita";"Mardi";"W";;
324;;;"Kusuma";"Juang";"P";;
261;;;"Agung";"Mada";"P";;
306;;;"Budi";"Maven";"P";;
738;;;"Ardhi";"Rukun";"P";;
839;;;"Irwandi";"Damai";"P";;
573;;;"Budi";"Tenteram";"P";;
81;;;"Hari";"Dominik";"P";;
454;;;"Indah";"Jagat";"W";;
40;;;"Indah";"Damai";"W";;
479;;;"Jefrie";"Sejahtera";"P";;
139;;;"Darsih";"Mardi";"W";;
38;;;"Ihsan";"Angkasa";"P";;
777;;;"Cahya";"Indrawan";"W";;
523;;;"Ahmad";"Indrawan";"P";;
80;;;"Hardi";"Jagat";"P";;
480;;;"Dario";"Damai";"P";;
191;;;"Intan";"Mardi";"W";;
439;;;"Galang";"Setiawan";"P";;
727;;;"Bulan";"Menawan";"W";;
748;;;"Budi";"Selangit";"P";;
595;;;"Cahyono";"Dewangga";"P";;
142;;;"Bintang";"Menawan";"W";;
272;;;"Budiman";"Tenteram";"P";;
939;;;"Lastri";"Tenteram";"W";;
135;;;"Lestari";"Rukun";"W";;
366;;;"Dario";"Indrawan";"P";;
496;;;"Ayu";"Dewangga";"W";;
291;;;"Agus";"Setiawan";"P";;
896;;;"Rasti";"Juang";"W";;
984;;;"Agus";"Dewangga";"P";;
917;;;"Harum";"Angkasa";"W";;
323;;;"Hardi";"Menawan";"P";;
588;;;"Jaka";"Indrawan";"P";;
544;;;"Cahyo";"Ramah";"P";;
317;;;"Cahyo";"Angkasa";"P";;
894;;;"Mawar";"Jagat";"W";;
507;;;"Jaka";"Mada";"P";;
50;;;"Eriq";"Siberut";"P";;
535;;;"Ahmad";"Widya";"P";;
459;;;"Natali";"Santana";"W";;
885;;;"Intan";"Margo";"W";;
511;;;"Mulyo";"Selangit";"P";;
925;;;"Aris";"Siberut";"P";;
304;;;"Ayu";"Tenteram";"W";;
313;;;"Intan";"Santana";"W";;
303;;;"Cahyono";"Dewangga";"P";;
402;;;"Sentosa";"Damai";"P";;
41;;;"Budiwati";"Jagat";"W";;
384;;;"Mawar";"Damai";"W";;
872;;;"Eriq";"Jagat";"P";;
474;;;"Aris";"Damai";"P";;
141;;;"Ayu";"Sejahtera";"W";;
211;;;"Agustina";"Dominik";"W";;
792;;;"Jaka";"Angkasa";"P";;
159;;;"Duma";"Damai";"W";;
794;;;"Harum";"Setiawan";"W";;
980;;;"Niken";"Widya";"W";;
743;;;"Mulia";"Maven";"P";;
212;;;"Ferry";"Damai";"P";;
868;;;"Ahmad";"Siberut";"P";;
192;;;"Kairo";"Mardi";"P";;
404;;;"Danny";"Margo";"P";;
550;;;"Ferry";"Mada";"P";;
255;;;"Ferdy";"Pekerti";"P";;
750;;;"Agus";"Rukun";"P";;
819;;;"Bintang";"Dewangga";"W";;
284;;;"Jefrie";"Juang";"P";;
387;;;"Desita";"Tenteram";"W";;
549;;;"Lanny";"Mada";"W";;
249;;;"Agus";"Alexander";"P";;
284;;;"Jefrie";"Juang";"P";;
187;;;"Ardhi";"Terang";"P";;
724;;;"Agus";"Indrawan";"P";;
60;;;"Bulan";"Mada";"W";;
651;;;"Erman";"Jagat";"P";;
265;;;"Kristina";"Widya";"W";;
210;;;"Ferdy";"Dewangga";"P";;
657;;;"Kairo";"Damai";"P";;
28;;;"Darman";"Dewangga";"P";;
611;;;"Rasti";"Jagat";"W";;
779;;;"Ayu";"Margo";"W";;
13;;;"Ardhi";"Ramah";"P";;
148;;;"Cahya";"Tenteram";"W";;
583;;;"Mulia";"Pekerti";"P";;
193;;;"Cahyo";"Tenteram";"P";;
813;;;"Budiwati";"Maven";"W";;
518;;;"Eko";"Angkasa";"P";;
469;;;"Harum";"Terang";"W";;
657;;;"Kairo";"Damai";"P";;
750;;;"Agus";"Rukun";"P";;
658;;;"Ben";"Selangit";"P";;
401;;;"Kusuma";"Siberut";"P";;
190;;;"Ferry";"Jagat";"P";;
4;;;"Darman";"Dewangga";"P";;
793;;;"Desita";"Mardi";"W";;
906;;;"Desita";"Dewangga";"W";;
112;;;"Intan";"Angkasa";"W";;
435;;;"Ihsan";"Widya";"P";;
407;;;"Danny";"Setiawan";"P";;
865;;;"Bintang";"Alexander";"W";;
270;;;"Kristina";"Angkasa";"W";;
509;;;"Ferdy";"Menawan";"P";;
565;;;"Gunawan";"Jagat";"P";;
182;;;"Fanny";"Maven";"W";;
178;;;"Fanny";"Santana";"W";;
516;;;"Budiwati";"Dominik";"W";;
401;;;"Kusuma";"Siberut";"P";;
923;;;"Indah";"Damai";"W";;
719;;;"Eriq";"Siberut";"P";;
87;;;"Lestari";"Pekerti";"W";;
704;;;"Indah";"Dominik";"W";;
210;;;"Ferdy";"Dewangga";"P";;
566;;;"Ferdy";"Pekerti";"P";;
543;;;"Ferdy";"Dominik";"P";;
967;;;"Erni";"Santana";"W";;
674;;;"Ihsan";"Santana";"P";;
988;;;"Galang";"Mardi";"P";;
121;;;"Darsih";"Menawan";"W";;
850;;;"Duma";"Mada";"W";;
710;;;"Aris";"Ramah";"P";;
177;;;"Hari";"Santana";"P";;
604;;;"Mulyo";"Ramah";"P";;
430;;;"Dario";"Pekerti";"P";;
345;;;"Kusuma";"Widya";"P";;
779;;;"Ayu";"Margo";"W";;
366;;;"Dario";"Indrawan";"P";;
155;;;"Ahmad";"Tenteram";"P";;
997;;;"Mulia";"Dewangga";"P";;
755;;;"Ihsan";"Widya";"P";;
399;;;"Ahmad";"Dominik";"P";;
920;;;"Irwandi";"Terang";"P";;
884;;;"Eriq";"Menawan";"P";;
255;;;"Ferdy";"Pekerti";"P";;
323;;;"Hardi";"Menawan";"P";;
143;;;"Mulia";"Alexander";"P";;
394;;;"Erni";"Tenteram";"W";;
650;;;"Desita";"Indrawan";"W";;
925;;;"Aris";"Siberut";"P";;
290;;;"Cahyo";"Sejahtera";"P";;
181;;;"Ahmad";"Setiawan";"P";;
368;;;"Kusuma";"Setiawan";"P";;
251;;;"Mulia";"Rukun";"P";;
701;;;"Galang";"Santana";"P";;
263;;;"Natali";"Rukun";"W";;
717;;;"Ayu";"Alexander";"W";;
795;;;"Desita";"Damai";"W";;
175;;;"Cahya";"Mada";"W";;
923;;;"Indah";"Damai";"W";;
317;;;"Cahyo";"Angkasa";"P";;
792;;;"Jaka";"Angkasa";"P";;
188;;;"Budi";"Rukun";"P";;
669;;;"Kristina";"Santana";"W";;
332;;;"Darman";"Sejahtera";"P";;
179;;;"Kusuma";"Terang";"P";;
159;;;"Duma";"Damai";"W";;
59;;;"Intan";"Mardi";"W";;
129;;;"Erna";"Tenteram";"W";;
224;;;"Gita";"Dominik";"W";;
678;;;"Desita";"Damai";"W";;
659;;;"Darsih";"Setiawan";"W";;
540;;;"Sentosa";"Siberut";"P";;
373;;;"Mawar";"Mardi";"W";;
82;;;"Jaka";"Indrawan";"P";;
904;;;"Fanny";"Terang";"W";;
370;;;"Cahyo";"Tenteram";"P";;
343;;;"Erna";"Dominik";"W";;
319;;;"Desita";"Selangit";"W";;
178;;;"Fanny";"Santana";"W";;
320;;;"Ferry";"Sejahtera";"P";;
986;;;"Budiman";"Setiawan";"P";;
464;;;"Natali";"Mardi";"W";;
855;;;"Mariani";"Mardi";"W";;
972;;;"Budi";"Mardi";"P";;
964;;;"Agung";"Pekerti";"P";;
828;;;"Ferdy";"Juang";"P";;
604;;;"Mulyo";"Ramah";"P";;
986;;;"Budiman";"Setiawan";"P";;
758;;;"Bulan";"Mada";"W";;
53;;;"Bulan";"Mada";"W";;
744;;;"Hari";"Sejahtera";"P";;
191;;;"Intan";"Mardi";"W";;
50;;;"Eriq";"Siberut";"P";;
95;;;"Kristina";"Indrawan";"W";;
906;;;"Desita";"Dewangga";"W";;
697;;;"Niken";"Tenteram";"W";;
3;;;"Intan";"Dominik";"W";;
508;;;"Ben";"Rukun";"P";;
810;;;"Hardi";"Rukun";"P";;
695;;;"Mawar";"Terang";"W";;
472;;;"Agus";"Widya";"P";;
931;;;"Cahyono";"Setiawan";"P";;
425;;;"Rasti";"Sejahtera";"W";;
112;;;"Intan";"Angkasa";"W";;
676;;;"Desita";"Santana";"W";;
190;;;"Ferry";"Jagat";"P";;
293;;;"Ihsan";"Alexander";"P";;
763;;;"Bintang";"Tenteram";"W";;
375;;;"Mawar";"Margo";"W";;
921;;;"Natali";"Menawan";"W";;
296;;;"Mawar";"Rukun";"W";;
155;;;"Ahmad";"Tenteram";"P";;
58;;;"Fanny";"Santana";"W";;
98;;;"Lestari";"Ramah";"W";;
662;;;"Aris";"Menawan";"P";;
620;;;"Eria";"Dewangga";"W";;
196;;;"Harum";"Jagat";"W";;
421;;;"Budiwati";"Menawan";"W";;
471;;;"Agung";"Terang";"P";;
906;;;"Desita";"Dewangga";"W";;
81;;;"Hari";"Dominik";"P";;
911;;;"Duma";"Dominik";"W";;
457;;;"Cahyo";"Widya";"P";;
898;;;"Sentosa";"Dominik";"P";;
284;;;"Jefrie";"Juang";"P";;
668;;;"Ardhi";"Juang";"P";;
384;;;"Mawar";"Damai";"W";;
625;;;"Irwandi";"Rukun";"P";;
264;;;"Agus";"Dewangga";"P";;
168;;;"Agung";"Terang";"P";;
768;;;"Agung";"Terang";"P";;
208;;;"Hari";"Santana";"P";;
158;;;"Ferry";"Alexander";"P";;
17;;;"Sentosa";"Widya";"P";;
239;;;"Lestari";"Terang";"W";;
897;;;"Natali";"Setiawan";"W";;
282;;;"Ayu";"Selangit";"W";;
570;;;"Erman";"Jagat";"P";;
325;;;"Erni";"Angkasa";"W";;
862;;;"Ben";"Setiawan";"P";;
383;;;"Niken";"Ramah";"W";;
308;;;"Mawar";"Selangit";"W";;
917;;;"Harum";"Angkasa";"W";;
899;;;"Ihsan";"Mada";"P";;
155;;;"Ahmad";"Tenteram";"P";;
402;;;"Sentosa";"Damai";"P";;
228;;;"Aris";"Alexander";"P";;
690;;;"Ferry";"Mada";"P";;
75;;;"Rasti";"Mada";"W";;
348;;;"Darsih";"Tenteram";"W";;
507;;;"Jaka";"Mada";"P";;
794;;;"Harum";"Setiawan";"W";;
66;;;"Jaka";"Sejahtera";"P";;
88;;;"Ferdy";"Widya";"P";;
290;;;"Cahyo";"Sejahtera";"P";;
4;;;"Darman";"Dewangga";"P";;
33;;;"Agustina";"Mardi";"W";;
531;;;"Jefrie";"Selangit";"P";;
477;;;"Intan";"Selangit";"W";;
253;;;"Ahmad";"Dewangga";"P";;
804;;;"Ayu";"Santana";"W";;
864;;;"Mariani";"Siberut";"W";;
12;;;"Ardhi";"Rukun";"P";;
685;;;"Bulan";"Dewangga";"W";;
489;;;"Gita";"Tenteram";"W";;
573;;;"Budi";"Tenteram";"P";;
449;;;"Irwandi";"Widya";"P";;
99;;;"Ayu";"Maven";"W";;
824;;;"Ahmad";"Terang";"P";;
577;;;"Jaka";"Santana";"P";;
179;;;"Kusuma";"Terang";"P";;
378;;;"Agung";"Alexander";"P";;
486;;;"Erna";"Mardi";"W";;
374;;;"Ferdy";"Pekerti";"P";;
614;;;"Budi";"Menawan";"P";;
77;;;"Jaka";"Juang";"P";;
948;;;"Ihsan";"Terang";"P";;
616;;;"Desita";"Setiawan";"W";;
84;;;"Rasti";"Jagat";"W";;
835;;;"Ihsan";"Dominik";"P";;
886;;;"Erna";"Mardi";"W";;
9;;;"Erman";"Dewangga";"P";;
765;;;"Kristina";"Sejahtera";"W";;
746;;;"Ayu";"Rukun";"W";;
673;;;"Mariani";"Terang";"W";;
959;;;"Aris";"Selangit";"P";;
375;;;"Mawar";"Margo";"W";;
365;;;"Lanny";"Damai";"W";;
997;;;"Mulia";"Dewangga";"P";;
843;;;"Ardhi";"Alexander";"P";;
962;;;"Harum";"Dominik";"W";;
498;;;"Mawar";"Selangit";"W";;
118;;;"Niken";"Damai";"W";;
349;;;"Bintang";"Mada";"W";;
528;;;"Desita";"Dewangga";"W";;
421;;;"Budiwati";"Menawan";"W";;
826;;;"Bintang";"Indrawan";"W";;
761;;;"Bulan";"Dewangga";"W";;
808;;;"Cahyo";"Menawan";"P";;
708;;;"Ika";"Angkasa";"W";;
587;;;"Jefrie";"Santana";"P";;
599;;;"Cahyo";"Jagat";"P";;
943;;;"Jaka";"Menawan";"P";;
303;;;"Cahyono";"Dewangga";"P";;
959;;;"Aris";"Selangit";"P";;
541;;;"Aris";"Dominik";"P";;
368;;;"Kusuma";"Setiawan";"P";;
0;;;"Rasti";"Pekerti";"W";;
762;;;"Hardi";"Dominik";"P";;
8;;;"Erni";"Jagat";"W";;
669;;;"Kristina";"Santana";"W";;
993;;;"Lanny";"Tenteram";"W";;
65;;;"Natali";"Widya";"W";;
336;;;"Mulyo";"Ramah";"P";;
702;;;"Eria";"Selangit";"W";;
640;;;"Ferdy";"Widya";"P";;
517;;;"Budi";"Jagat";"P";;
925;;;"Aris";"Siberut";"P";;
753;;;"Ahmad";"Mada";"P";;
109;;;"Galang";"Siberut";"P";;
25;;;"Ferdy";"Maven";"P";;
291;;;"Agus";"Setiawan";"P";;
20;;;"Desita";"Angkasa";"W";;
57;;;"Irwandi";"Margo";"P";;
364;;;"Niken";"Maven";"W";;
412;;;"Darsih";"Angkasa";"W";;
205;;;"Hari";"Santana";"P";;
994;;;"Lastri";"Tenteram";"W";;
686;;;"Kusuma";"Damai";"P";;
278;;;"Rasti";"Widya";"W";;
475;;;"Natali";"Terang";"W";;
491;;;"Ardhi";"Tenteram";"P";;
516;;;"Budiwati";"Dominik";"W";;
55;;;"Eriq";"Juang";"P";;
607;;;"Erna";"Dominik";"W";;
909;;;"Erna";"Selangit";"W";;
234;;;"Danny";"Juang";"P";;
764;;;"Mega";"Rukun";"W";;
567;;;"Mega";"Selangit";"W";;
755;;;"Ihsan";"Widya";"P";;
579;;;"Mulyo";"Jagat";"P";;
884;;;"Eriq";"Menawan";"P";;
326;;;"Ihsan";"Damai";"P";;
381;;;"Erni";"Terang";"W";;
211;;;"Agustina";"Dominik";"W";;
790;;;"Ferdy";"Siberut";"P";;
180;;;"Erni";"Margo";"W";;
136;;;"Erni";"Angkasa";"W";;
869;;;"Natali";"Menawan";"W";;
422;;;"Niken";"Sejahtera";"W";;
366;;;"Dario";"Indrawan";"P";;
653;;;"Ferry";"Dewangga";"P";;
132;;;"Kusuma";"Jagat";"P";;
96;;;"Lestari";"Ramah";"W";;
245;;;"Bulan";"Setiawan";"W";;
413;;;"Gunawan";"Mardi";"P";;
351;;;"Gunawan";"Dewangga";"P";;
870;;;"Darsih";"Pekerti";"W";;
842;;;"Hari";"Dominik";"P";;
260;;;"Agung";"Dominik";"P";;
743;;;"Mulia";"Maven";"P";;
354;;;"Jaka";"Menawan";"P";;
19;;;"Kairo";"Rukun";"P";;
999;;;"Darsih";"Menawan";"W";;
210;;;"Ferdy";"Dewangga";"P";;
397;;;"Erman";"Juang";"P";;
71;;;"Mega";"Sejahtera";"W";;
750;;;"Agus";"Rukun";"P";;
901;;;"Kairo";"Tenteram";"P";;
527;;;"Eriq";"Margo";"P";;
4;;;"Darman";"Dewangga";"P";;
213;;;"Darman";"Alexander";"P";;
39;;;"Ferry";"Damai";"P";;
573;;;"Budi";"Tenteram";"P";;
305;;;"Sentosa";"Jagat";"P";;
500;;;"Desita";"Selangit";"W";;
75;;;"Rasti";"Mada";"W";;
364;;;"Niken";"Maven";"W";;
471;;;"Agung";"Terang";"P";;
676;;;"Desita";"Santana";"W";;
657;;;"Kairo";"Damai";"P";;
917;;;"Harum";"Angkasa";"W";;
69;;;"Kusuma";"Damai";"P";;
688;;;"Bintang";"Maven";"W";;
482;;;"Galang";"Santana";"P";;
10;;;"Cahyo";"Alexander";"P";;
632;;;"Kusuma";"Mada";"P";;
825;;;"Indah";"Ramah";"W";;
547;;;"Ferdy";"Widya";"P";;
571;;;"Budi";"Angkasa";"P";;
140;;;"Galang";"Mardi";"P";;
363;;;"Mariani";"Damai";"W";;
829;;;"Darman";"Pekerti";"P";;
746;;;"Ayu";"Rukun";"W";;
413;;;"Gunawan";"Mardi";"P";;
563;;;"Danny";"Siberut";"P";;
927;;;"Intan";"Angkasa";"W";;
105;;;"Eko";"Setiawan";"P";;
140;;;"Galang";"Mardi";"P";;
661;;;"Darman";"Maven";"P";;
702;;;"Eria";"Selangit";"W";;
849;;;"Indah";"Dewangga";"W";;
878;;;"Galang";"Dominik";"P";;
26;;;"Erman";"Margo";"P";;
439;;;"Galang";"Setiawan";"P";;
442;;;"Ahmad";"Alexander";"P";;
764;;;"Mega";"Rukun";"W";;
129;;;"Erna";"Tenteram";"W";;
567;;;"Mega";"Selangit";"W";;
584;;;"Erman";"Maven";"P";;
250;;;"Cahyo";"Tenteram";"P";;
479;;;"Jefrie";"Sejahtera";"P";;
466;;;"Eriq";"Dewangga";"P";;
905;;;"Desita";"Santana";"W";;
621;;;"Agus";"Selangit";"P";;
191;;;"Intan";"Mardi";"W";;
397;;;"Erman";"Juang";"P";;
315;;;"Rasti";"Angkasa";"W";;
582;;;"Lestari";"Sejahtera";"W";;
334;;;"Bintang";"Selangit";"W";;
74;;;"Erman";"Margo";"P";;
395;;;"Sentosa";"Mardi";"P";;
712;;;"Desita";"Juang";"W";;
722;;;"Mariani";"Mada";"W";;
929;;;"Erman";"Selangit";"P";;
745;;;"Gita";"Alexander";"W";;
35;;;"Galang";"Alexander";"P";;
294;;;"Sentosa";"Indrawan";"P";;
577;;;"Jaka";"Santana";"P";;
694;;;"Intan";"Mardi";"W";;
526;;;"Erna";"Alexander";"W";;
758;;;"Bulan";"Mada";"W";;
539;;;"Cahyo";"Damai";"P";;
277;;;"Dario";"Siberut";"P";;
795;;;"Desita";"Damai";"W";;
626;;;"Hardi";"Juang";"P";;
728;;;"Kusuma";"Dewangga";"P";;
887;;;"Gita";"Tenteram";"W";;
764;;;"Mega";"Rukun";"W";;
331;;;"Gunawan";"Selangit";"P";;
749;;;"Niken";"Dewangga";"W";;
505;;;"Erman";"Margo";"P";;
599;;;"Cahyo";"Jagat";"P";;
551;;;"Agung";"Jagat";"P";;
537;;;"Mulyo";"Indrawan";"P";;
917;;;"Harum";"Angkasa";"W";;
682;;;"Eriq";"Juang";"P";;
420;;;"Kairo";"Siberut";"P";;
357;;;"Cahyo";"Dewangga";"P";;
824;;;"Ahmad";"Terang";"P";;
906;;;"Desita";"Dewangga";"W";;
766;;;"Eria";"Rukun";"W";;
714;;;"Rasti";"Dewangga";"W";;
254;;;"Eriq";"Tenteram";"P";;
70;;;"Lestari";"Ramah";"W";;
39;;;"Ferry";"Damai";"P";;
186;;;"Darsih";"Alexander";"W";;
172;;;"Kristina";"Sejahtera";"W";;
671;;;"Duma";"Pekerti";"W";;
89;;;"Aris";"Menawan";"P";;
730;;;"Natali";"Widya";"W";;
706;;;"Erni";"Pekerti";"W";;
845;;;"Desita";"Mada";"W";;
440;;;"Intan";"Santana";"W";;
468;;;"Jaka";"Mardi";"P";;
891;;;"Hardi";"Indrawan";"P";;
767;;;"Mega";"Margo";"W";;
228;;;"Aris";"Alexander";"P";;
513;;;"Lastri";"Dominik";"W";;
334;;;"Bintang";"Selangit";"W";;
274;;;"Cahyo";"Dewangga";"P";;
447;;;"Natali";"Siberut";"W";;
844;;;"Cahyono";"Selangit";"P";;
714;;;"Rasti";"Dewangga";"W";;
7;;;"Erna";"Rukun";"W";;
675;;;"Mulyo";"Setiawan";"P";;
766;;;"Eria";"Rukun";"W";;
510;;;"Ika";"Alexander";"W";;
827;;;"Erni";"Selangit";"W";;
913;;;"Agus";"Ramah";"P";;
997;;;"Mulia";"Dewangga";"P";;
883;;;"Sentosa";"Sejahtera";"P";;
817;;;"Aris";"Siberut";"P";;
724;;;"Agus";"Indrawan";"P";;
900;;;"Ferry";"Juang";"P";;
91;;;"Eko";"Mada";"P";;
639;;;"Budi";"Rukun";"P";;
299;;;"Desita";"Dewangga";"W";;
900;;;"Ferry";"Juang";"P";;
380;;;"Aris";"Tenteram";"P";;
512;;;"Duma";"Ramah";"W";;
621;;;"Agus";"Selangit";"P";;
610;;;"Cahya";"Maven";"W";;
717;;;"Ayu";"Alexander";"W";;
621;;;"Agus";"Selangit";"P";;
386;;;"Cahyono";"Alexander";"P";;
703;;;"Eria";"Mardi";"W";;
300;;;"Ika";"Dominik";"W";;
211;;;"Agustina";"Dominik";"W";;
827;;;"Erni";"Selangit";"W";;
60;;;"Bulan";"Mada";"W";;
241;;;"Dario";"Ramah";"P";;
171;;;"Kairo";"Mada";"P";;
103;;;"Aris";"Selangit";"P";;
228;;;"Aris";"Alexander";"P";;
330;;;"Mulyo";"Tenteram";"P";;
368;;;"Kusuma";"Setiawan";"P";;
416;;;"Niken";"Indrawan";"W";;
705;;;"Ardhi";"Indrawan";"P";;
278;;;"Rasti";"Widya";"W";;
529;;;"Jefrie";"Siberut";"P";;
489;;;"Gita";"Tenteram";"W";;
106;;;"Fanny";"Sejahtera";"W";;
366;;;"Dario";"Indrawan";"P";;
939;;;"Lastri";"Tenteram";"W";;
595;;;"Cahyono";"Dewangga";"P";;
725;;;"Lanny";"Angkasa";"W";;
880;;;"Intan";"Setiawan";"W";;
746;;;"Ayu";"Rukun";"W";;
766;;;"Eria";"Rukun";"W";;
526;;;"Erna";"Alexander";"W";;
254;;;"Eriq";"Tenteram";"P";;
156;;;"Ika";"Siberut";"W";;
346;;;"Eriq";"Jagat";"P";;
98;;;"Lestari";"Ramah";"W";;
334;;;"Bintang";"Selangit";"W";;
283;;;"Mulyo";"Margo";"P";;
555;;;"Desita";"Juang";"W";;
612;;;"Ben";"Tenteram";"P";;
648;;;"Agustina";"Angkasa";"W";;
953;;;"Gita";"Pekerti";"W";;
199;;;"Budiwati";"Alexander";"W";;
289;;;"Agus";"Setiawan";"P";;
99;;;"Ayu";"Maven";"W";;
235;;;"Eria";"Angkasa";"W";;
205;;;"Hari";"Santana";"P";;
435;;;"Ihsan";"Widya";"P";;
2;;;"Lastri";"Margo";"W";;
985;;;"Ahmad";"Indrawan";"P";;
122;;;"Aris";"Jagat";"P";;
565;;;"Gunawan";"Jagat";"P";;
843;;;"Ardhi";"Alexander";"P";;
173;;;"Galang";"Terang";"P";;
248;;;"Kairo";"Widya";"P";;
635;;;"Gita";"Dewangga";"W";;
683;;;"Ayu";"Widya";"W";;
296;;;"Mawar";"Rukun";"W";;
545;;;"Agus";"Widya";"P";;
939;;;"Lastri";"Tenteram";"W";;
624;;;"Agustina";"Rukun";"W";;
626;;;"Hardi";"Juang";"P";;
986;;;"Budiman";"Setiawan";"P";;
675;;;"Mulyo";"Setiawan";"P";;
207;;;"Erna";"Setiawan";"W";;
609;;;"Aris";"Margo";"P";;
503;;;"Erna";"Selangit";"W";;
733;;;"Harum";"Dewangga";"W";;
196;;;"Harum";"Jagat";"W";;
169;;;"Irwandi";"Pekerti";"P";;
189;;;"Eria";"Juang";"W";;
723;;;"Fanny";"Selangit";"W";;
607;;;"Erna";"Dominik";"W";;
223;;;"Mawar";"Damai";"W";;
903;;;"Mulyo";"Maven";"P";;
776;;;"Duma";"Maven";"W";;
427;;;"Intan";"Dominik";"W";;
154;;;"Aris";"Dominik";"P";;
939;;;"Lastri";"Tenteram";"W";;
155;;;"Ahmad";"Tenteram";"P";;
912;;;"Kairo";"Ramah";"P";;
562;;;"Mawar";"Angkasa";"W";;
922;;;"Lanny";"Jagat";"W";;
210;;;"Ferdy";"Dewangga";"P";;
856;;;"Indah";"Indrawan";"W";;
49;;;"Ihsan";"Mada";"P";;
575;;;"Agung";"Damai";"P";;
685;;;"Bulan";"Dewangga";"W";;
772;;;"Eria";"Dewangga";"W";;
325;;;"Erni";"Angkasa";"W";;
524;;;"Lastri";"Rukun";"W";;
944;;;"Erni";"Mada";"W";;
361;;;"Cahya";"Indrawan";"W";;
420;;;"Kairo";"Siberut";"P";;
787;;;"Budiwati";"Setiawan";"W";;
114;;;"Galang";"Pekerti";"P";;
188;;;"Budi";"Rukun";"P";;
278;;;"Rasti";"Widya";"W";;
109;;;"Galang";"Siberut";"P";;
707;;;"Mega";"Margo";"W";;
971;;;"Mulia";"Rukun";"P";;
522;;;"Budiwati";"Selangit";"W";;
811;;;"Cahyo";"Rukun";"P";;
716;;;"Lanny";"Widya";"W";;
380;;;"Aris";"Tenteram";"P";;
659;;;"Darsih";"Setiawan";"W";;
276;;;"Harum";"Maven";"W";;
752;;;"Budiman";"Terang";"P";;
779;;;"Ayu";"Margo";"W";;
522;;;"Budiwati";"Selangit";"W";;
772;;;"Eria";"Dewangga";"W";;
234;;;"Danny";"Juang";"P";;
771;;;"Mulyo";"Dewangga";"P";;
215;;;"Ahmad";"Alexander";"P";;
723;;;"Fanny";"Selangit";"W";;
163;;;"Ayu";"Ramah";"W";;
3;;;"Intan";"Dominik";"W";;
352;;;"Sentosa";"Margo";"P";;
131;;;"Budi";"Alexander";"P";;
518;;;"Eko";"Angkasa";"P";;
102;;;"Budi";"Angkasa";"P";;
866;;;"Cahyo";"Selangit";"P";;
261;;;"Agung";"Mada";"P";;
802;;;"Lastri";"Jagat";"W";;
159;;;"Duma";"Damai";"W";;
175;;;"Cahya";"Mada";"W";;
276;;;"Harum";"Maven";"W";;
770;;;"Kristina";"Dewangga";"W";;
675;;;"Mulyo";"Setiawan";"P";;
983;;;"Fanny";"Mardi";"W";;
966;;;"Bulan";"Selangit";"W";;
871;;;"Indah";"Widya";"W";;
358;;;"Sentosa";"Alexander";"P";;
488;;;"Erna";"Pekerti";"W";;
224;;;"Gita";"Dominik";"W";;
429;;;"Agustina";"Dominik";"W";;
706;;;"Erni";"Pekerti";"W";;
302;;;"Harum";"Selangit";"W";;
441;;;"Jefrie";"Damai";"P";;
108;;;"Ika";"Juang";"W";;
736;;;"Mariani";"Margo";"W";;
840;;;"Erni";"Siberut";"W";;
453;;;"Hari";"Mardi";"P";;
674;;;"Ihsan";"Santana";"P";;
823;;;"Hari";"Pekerti";"P";;
464;;;"Natali";"Mardi";"W";;
217;;;"Lanny";"Terang";"W";;
601;;;"Dario";"Siberut";"P";;
2;;;"Lastri";"Margo";"W";;
183;;;"Aris";"Angkasa";"P";;
861;;;"Sentosa";"Ramah";"P";;
548;;;"Niken";"Setiawan";"W";;
676;;;"Desita";"Santana";"W";;
163;;;"Ayu";"Ramah";"W";;
267;;;"Hari";"Alexander";"P";;
229;;;"Eria";"Alexander";"W";;
117;;;"Bulan";"Pekerti";"W";;
845;;;"Desita";"Mada";"W";;
846;;;"Ihsan";"Mada";"P";;
721;;;"Desita";"Ramah";"W";;
674;;;"Ihsan";"Santana";"P";;
944;;;"Erni";"Mada";"W";;
654;;;"Dario";"Angkasa";"P";;
730;;;"Natali";"Widya";"W";;
91;;;"Eko";"Mada";"P";;
123;;;"Mariani";"Selangit";"W";;
515;;;"Niken";"Jagat";"W";;
858;;;"Aris";"Pekerti";"P";;
849;;;"Indah";"Dewangga";"W";;
604;;;"Mulyo";"Ramah";"P";;
299;;;"Desita";"Dewangga";"W";;
388;;;"Harum";"Widya";"W";;
914;;;"Mulyo";"Ramah";"P";;
513;;;"Lastri";"Dominik";"W";;
15;;;"Mega";"Jagat";"W";;
632;;;"Kusuma";"Mada";"P";;
843;;;"Ardhi";"Alexander";"P";;
233;;;"Natali";"Mada";"W";;
877;;;"Intan";"Siberut";"W";;
359;;;"Fanny";"Damai";"W";;
599;;;"Cahyo";"Jagat";"P";;
551;;;"Agung";"Jagat";"P";;
991;;;"Erna";"Pekerti";"W";;
350;;;"Darman";"Ramah";"P";;
25;;;"Ferdy";"Maven";"P";;
871;;;"Indah";"Widya";"W";;
835;;;"Ihsan";"Dominik";"P";;
600;;;"Cahyono";"Mardi";"P";;
364;;;"Niken";"Maven";"W";;
288;;;"Erni";"Ramah";"W";;
165;;;"Aris";"Angkasa";"P";;
203;;;"Kusuma";"Pekerti";"P";;
728;;;"Kusuma";"Dewangga";"P";;
792;;;"Jaka";"Angkasa";"P";;
536;;;"Eko";"Santana";"P";;
446;;;"Kairo";"Pekerti";"P";;
934;;;"Budiman";"Mardi";"P";;
389;;;"Dario";"Ramah";"P";;
48;;;"Intan";"Indrawan";"W";;
152;;;"Ardhi";"Alexander";"P";;
607;;;"Erna";"Dominik";"W";;
420;;;"Kairo";"Siberut";"P";;
532;;;"Agung";"Sejahtera";"P";;
795;;;"Desita";"Damai";"W";;
958;;;"Ahmad";"Dewangga";"P";;
856;;;"Indah";"Indrawan";"W";;
769;;;"Ahmad";"Sejahtera";"P";;
425;;;"Rasti";"Sejahtera";"W";;
135;;;"Lestari";"Rukun";"W";;
857;;;"Kusuma";"Santana";"P";;
955;;;"Duma";"Mada";"W";;
927;;;"Intan";"Angkasa";"W";;
571;;;"Budi";"Angkasa";"P";;
369;;;"Mega";"Ramah";"W";;
27;;;"Gunawan";"Pekerti";"P";;
651;;;"Erman";"Jagat";"P";;
213;;;"Darman";"Alexander";"P";;
46;;;"Ardhi";"Pekerti";"P";;
36;;;"Kristina";"Selangit";"W";;
945;;;"Ben";"Ramah";"P";;
62;;;"Hari";"Juang";"P";;
271;;;"Lastri";"Santana";"W";;
188;;;"Budi";"Rukun";"P";;
611;;;"Rasti";"Jagat";"W";;
907;;;"Budi";"Mardi";"P";;
562;;;"Mawar";"Angkasa";"W";;
755;;;"Ihsan";"Widya";"P";;
840;;;"Erni";"Siberut";"W";;
677;;;"Mawar";"Santana";"W";;
153;;;"Dario";"Alexander";"P";;
474;;;"Aris";"Damai";"P";;
619;;;"Lastri";"Indrawan";"W";;
311;;;"Jefrie";"Terang";"P";;
10;;;"Cahyo";"Alexander";"P";;
604;;;"Mulyo";"Ramah";"P";;
185;;;"Mariani";"Damai";"W";;
546;;;"Dario";"Ramah";"P";;
85;;;"Cahya";"Ramah";"W";;
306;;;"Budi";"Maven";"P";;
523;;;"Ahmad";"Indrawan";"P";;
539;;;"Cahyo";"Damai";"P";;
71;;;"Mega";"Sejahtera";"W";;
484;;;"Ayu";"Mardi";"W";;
451;;;"Intan";"Selangit";"W";;
730;;;"Natali";"Widya";"W";;
459;;;"Natali";"Santana";"W";;
761;;;"Bulan";"Dewangga";"W";;
336;;;"Mulyo";"Ramah";"P";;
836;;;"Mawar";"Indrawan";"W";;
156;;;"Ika";"Siberut";"W";;
728;;;"Kusuma";"Dewangga";"P";;
947;;;"Ihsan";"Margo";"P";;
404;;;"Danny";"Margo";"P";;
466;;;"Eriq";"Dewangga";"P";;
146;;;"Ika";"Dominik";"W";;
493;;;"Jefrie";"Indrawan";"P";;
815;;;"Mulyo";"Mardi";"P";;
696;;;"Mawar";"Mardi";"W";;
237;;;"Erna";"Setiawan";"W";;
384;;;"Mawar";"Damai";"W";;
149;;;"Lestari";"Tenteram";"W";;
188;;;"Budi";"Rukun";"P";;
719;;;"Eriq";"Siberut";"P";;
721;;;"Desita";"Ramah";"W";;
821;;;"Mariani";"Margo";"W";;
45;;;"Gunawan";"Terang";"P";;
761;;;"Bulan";"Dewangga";"W";;
72;;;"Hardi";"Damai";"P";;
384;;;"Mawar";"Damai";"W";;
327;;;"Budiwati";"Menawan";"W";;
502;;;"Aris";"Ramah";"P";;
552;;;"Duma";"Santana";"W";;
422;;;"Niken";"Sejahtera";"W";;
23;;;"Darman";"Ramah";"P";;
283;;;"Mulyo";"Margo";"P";;
736;;;"Mariani";"Margo";"W";;
917;;;"Harum";"Angkasa";"W";;
548;;;"Niken";"Setiawan";"W";;
257;;;"Fanny";"Angkasa";"W";;
448;;;"Aris";"Angkasa";"P";;
18;;;"Cahya";"Margo";"W";;
72;;;"Hardi";"Damai";"P";;
544;;;"Cahyo";"Ramah";"P";;
950;;;"Mulyo";"Jagat";"P";;
613;;;"Bulan";"Tenteram";"W";;
451;;;"Intan";"Selangit";"W";;
557;;;"Lastri";"Terang";"W";;
554;;;"Mawar";"Selangit";"W";;
585;;;"Cahyo";"Maven";"P";;
41;;;"Budiwati";"Jagat";"W";;
689;;;"Darman";"Siberut";"P";;
210;;;"Ferdy";"Dewangga";"P";;
205;;;"Hari";"Santana";"P";;
175;;;"Cahya";"Mada";"W";;
994;;;"Lastri";"Tenteram";"W";;
78;;;"Hardi";"Alexander";"P";;
528;;;"Desita";"Dewangga";"W";;
